codigo,nombre_Producto,abreviatura,precio,marca,descripcion,estado
6964892192,"Pork - Tenderloin, Fresh",F,"$5,757.23",Montero Sport,Cheese - Cottage Cheese,California
3856286411,Salmon Steak - Cohoe 6 Oz,F,"$2,637.30",Camaro,Raisin - Dark,District of Columbia
4209167185,Mustard Prepared,M,"$2,199.49",A5,Paste - Black Olive,Florida
534924182,Beef Cheek Fresh,M,"$3,246.15",XLR-V,Sour Puss - Tangerine,Texas
9350743159,Cheese - Parmigiano Reggiano,M,"$3,624.22",Protege,Soup - French Can Pea,North Carolina
5615640553,"Salmon - Whole, 4 - 6 Pounds",F,"$5,065.16",Miata MX-5,Pepper - Red Thai,Virginia
3369969963,Quiche Assorted,F,"$2,892.25",Mariner,Cake Sheet Combo Party Pack,District of Columbia
9727480756,Sausage - Blood Pudding,M,"$5,180.56",Journey,Pastry - Banana Tea Loaf,District of Columbia
6469650147,Muffin Mix - Oatmeal,M,"$5,786.50",RX,Beef - Top Sirloin,Idaho
3122773481,Wine - Beringer Founders Estate,F,"$1,984.35",xB,Beef Wellington,Florida
3127183119,"Sauce - White, Mix",M,"$1,427.78",Volare,Hot Chocolate - Individual,North Carolina
7237299379,Fork - Plastic,M,"$2,833.27",Accord,"Oil - Olive, Extra Virgin",Connecticut
8463251595,Rice - Wild,M,"$3,824.36",929,"Bread - Roll, Soft White Round",California
5157053746,Chef Hat 20cm,F,"$6,752.75",S80,Water - Aquafina Vitamin,Texas
2803904691,Langers - Cranberry Cocktail,M,"$4,082.33",190E,Vanilla Beans,New Hampshire
9520511539,"Soup - Knorr, Chicken Gumbo",M,"$9,105.30",Veloster,Ham - Black Forest,Texas
4090061911,Haggis,F,"$3,453.27",Maxima,Foil - 4oz Custard Cup,Pennsylvania
3034001568,Tia Maria,M,"$7,748.35",New Beetle,Rosemary - Fresh,Illinois
6728445552,Wine - Vouvray Cuvee Domaine,M,"$5,485.17",Truck,Kiwi,New Jersey
659489384,Onions - Cippolini,M,"$4,997.16",Dynasty,Chocolate Liqueur - Godet White,Massachusetts
4388702366,"Pork - Back, Long Cut, Boneless",M,"$2,434.88",Avalon,Apples - Spartan,Alabama
4317173549,Crackers - Melba Toast,M,"$7,943.52",Intrigue,Juice - Cranberry 284ml,Texas
3092353064,Venison - Denver Leg Boneless,F,"$9,896.01",626,"Nut - Cashews, Whole, Raw",Oklahoma
7774868143,Mangoes,F,"$2,892.13",GS,Nacho Chips,Louisiana
2661543341,Wine - Marlbourough Sauv Blanc,M,"$4,770.22",944,Fennel,West Virginia
9958156334,"Cheese - Brie,danish",M,"$8,945.06",Continental Mark VII,Bread - Italian Corn Meal Poly,California
9764596126,Haggis,F,"$8,407.89",Pilot,Cloves - Whole,Michigan
8363110884,Dikon,F,"$4,125.57",Highlander,Salad Dressing,California
6071902479,Coffee - Almond Amaretto,M,$384.31,Excursion,Wine - Cousino Macul Antiguas,Missouri
3221935684,Sour Puss - Tangerine,M,"$9,527.96",Bonneville,Wine - Domaine Boyar Royal,Alabama
7891876894,Appetizer - Seafood Assortment,M,"$7,145.72",Familia,Huck Towels White,Mississippi
4651630634,Pastry - Key Limepoppy Seed Tea,M,$709.32,Vitara,Plastic Wrap,Illinois
9028809082,"Cod - Salted, Boneless",M,"$5,944.57",Windstar,"Artichoke - Bottom, Canned",Texas
8566138856,"Wine - Magnotta, Merlot Sr Vqa",F,$863.81,Continental,Yogurt - Plain,Utah
8811843553,Olives - Morracan Dired,F,"$3,914.11",B-Series,Wine - Pinot Noir Pond Haddock,Louisiana
8845554945,Rosemary - Dry,F,"$8,029.55",09-may,Rabbit - Saddles,Maryland
4057533435,Mini - Vol Au Vents,F,$94.38,Rio,Pomegranates,California
6258457061,Pork - Ground,M,"$3,725.60",SC,"Cheese - Cheddar, Medium",Michigan
2261230273,Snapple Raspberry Tea,F,"$5,018.20",Vibe,Calypso - Black Cherry Lemonade,Arizona
5305742110,"Wine - Red, Cabernet Sauvignon",F,"$7,490.54",Mazda6 5-Door,Glass Clear 7 Oz Xl,Kansas
5520294674,Wine - Beringer Founders Estate,M,"$7,889.00",Corsica,"Beef - Ground, Extra Lean, Fresh",Utah
4615786212,Crush - Cream Soda,M,"$8,323.20",Ram Wagon B150,Bulgar,Alabama
1231383925,Wine - Beaujolais Villages,F,"$2,097.44",E350,Apricots - Dried,Texas
2451143150,Table Cloth 62x120 White,F,"$6,980.41",SL-Class,Wine - Pinot Grigio Collavini,Oklahoma
5997212211,Slt - Individual Portions,M,"$7,511.47",Tracer,Veal - Sweetbread,Virginia
7822427296,"Beer - Alexander Kieths, Pale Ale",M,"$6,926.46",Malibu,Chick Peas - Dried,Colorado
8981349118,Bacon Strip Precooked,M,"$8,975.49",MPV,Buffalo - Striploin,Florida
4117642014,Bread - White Mini Epi,F,"$5,412.70",Land Cruiser,Blueberries,New York
6972464927,Oil - Cooking Spray,F,"$1,723.72",E-Series,Mangostein,Missouri
3458746196,Scallop - St. Jaques,M,"$4,708.14",Suburban 2500,Bacardi Raspberry,Oklahoma
6596581713,Energy Drink,M,"$8,243.38",Corvette,Chocolate - White,West Virginia
8240464130,Orange - Tangerine,F,$251.35,Tahoe,Lettuce - Green Leaf,Nevada
2298255962,Buffalo - Tenderloin,F,"$7,530.97",Ion,Dip - Tapenade,Virginia
7110037665,Chocolate - Chips Compound,F,"$3,469.77",Grand Caravan,Wheat - Soft Kernal Of Wheat,West Virginia
1832844544,Fruit Salad Deluxe,M,"$1,857.70",Voyager,Haggis,Texas
1471280411,"Cheese - Havarti, Salsa",F,"$7,224.81",323,Beef - Prime Rib Aaa,Missouri
4559729492,Sauce - Rosee,M,"$6,530.98",xB,Pastry - Carrot Muffin - Mini,Kentucky
4068140146,Pop - Club Soda Can,M,"$3,069.67",Aveo,Mints - Striped Red,Hawaii
8331517660,Spice - Montreal Steak Spice,M,"$1,031.84",Grand Cherokee,"Yogurt - Strawberry, 175 Gr",Georgia
3777721999,Sprouts - Brussel,M,"$1,381.25",S-Class,Mushroom Morel Fresh,Kansas
3132177857,Carbonated Water - Blackcherry,M,"$3,970.88",G-Series G10,Wine - Merlot Vina Carmen,Florida
5162651702,Cheese - Perron Cheddar,M,"$4,629.94",Camry,Guinea Fowl,Colorado
5415272143,Tilapia - Fillets,M,"$7,866.46",Vantage,"Pasta - Gnocchi, Potato",New Jersey
8093353976,"Chocolate - Pistoles, Lactee, Milk",M,"$3,413.66",Sienna,Guava,California
5258941906,Grouper - Fresh,F,"$8,390.38",Crown Victoria,"Wine - White, Mosel Gold",Alabama
8609730093,Bar - Sweet And Salty Chocolate,M,"$9,495.38",Viper,Whmis - Spray Bottle Trigger,Texas
4928828755,Wine - Chateau Bonnet,F,$439.28,Sonoma,"Turkey - Breast, Bone - In",Oklahoma
5025178339,Ecolab - Hobart Washarm End Cap,F,"$5,334.82",1500,Nantucket Orange Juice,Illinois
4026204065,Carrots - Mini Red Organic,M,"$4,957.70",370Z,Mustard - Dijon,Texas
6926287988,Glaze - Apricot,F,"$6,605.57",Trans Sport,Capon - Whole,Kentucky
792920465,Clams - Bay,F,"$9,266.80",Z3,Pastry - Apple Muffins - Mini,North Carolina
7859231190,Bagel - Sesame Seed Presliced,F,"$3,023.83",QX,"Tart Shells - Savory, 2",Minnesota
3030065359,Cucumber - Pickling Ontario,M,"$3,519.92",M6,Oil - Safflower,California
644375078,Fork - Plastic,M,"$4,081.91",Grand Marquis,"Pepper - Green, Chili",Maine
2318372829,Eggwhite Frozen,F,"$9,732.41",Suburban 2500,"Beans - Kidney, Canned",California
8900993011,Oil - Cooking Spray,M,"$8,106.76",RSX,Soup - Verve - Chipotle Chicken,Minnesota
3672839396,Nantucket - Carrot Orange,F,$412.06,Fiero,Cheese - Montery Jack,Ohio
297458043,Cheese - Pont Couvert,F,$464.04,T100,Langers - Cranberry Cocktail,Hawaii
9871424825,Chips Potato All Dressed - 43g,F,"$6,114.75",A6,Tandoori Curry Paste,Colorado
7023146059,Cheese - Blue,M,"$4,970.55",Journey,Clementine,Texas
8180783898,"Rum - Cream, Amarula",F,"$2,304.08",Savana 2500,Beef - Montreal Smoked Brisket,Missouri
2019104792,Vanilla Beans,M,"$3,597.45",APV,Bandage - Finger Cots,Florida
4061109030,Pastry - French Mini Assorted,F,"$1,786.45",RAV4,Guinea Fowl,Tennessee
2875319337,Cookie Trail Mix,M,"$7,270.59",Swift,Sole - Iqf,Texas
8227371116,Mustard - Individual Pkg,M,"$6,642.36",GTO,Broom And Broom Rack White,New York
9077806482,Lettuce - Sea / Sea Asparagus,M,"$5,895.91",S-Series,Beef - Salted,Ohio
123332559,Beer - Moosehead,F,"$2,096.63",Express 2500,Wine - Crozes Hermitage E.,Hawaii
6467947444,Tia Maria,M,"$5,320.30",Tundra,Puree - Raspberry,New Jersey
2226811907,Cloves - Whole,M,$793.63,Dakota,"Chicken - Thigh, Bone In",Wisconsin
1211640256,"Chocolate - Semi Sweet, Calets",F,"$9,998.56",Mustang,Island Oasis - Sweet And Sour Mix,Ohio
8440000898,Cake - Sheet Strawberry,M,"$5,058.98",Yukon XL 2500,"Wine - Red, Colio Cabernet",California
5993631988,Straw - Regular,M,"$2,854.67",Focus,"Bread - Multigrain, Loaf",Missouri
4794609396,Wine - Pinot Noir Latour,F,"$4,828.83",Civic,Calypso - Black Cherry Lemonade,New Mexico
7218132197,"Yogurt - Cherry, 175 Gr",M,$256.19,Town & Country,Mint - Fresh,Iowa
767348613,Cheese Cloth No 100,F,$114.08,GTI,V8 Pet,Alabama
9914882595,Lettuce - Baby Salad Greens,F,"$8,062.59",Voyager,Appetizer - Crab And Brie,Arizona
130859206,Syrup - Pancake,F,"$6,948.33",Mazda5,Truffle - Peelings,Texas
9330541712,Bag Clear 10 Lb,F,"$2,371.99",Express 1500,Sea Bass - Fillets,Alabama
608414131,Yokaline,M,"$5,179.76",Firefly,"Roe - Lump Fish, Black",New York
3988768006,Calvados - Boulard,M,$869.57,L300,Sterno - Chafing Dish Fuel,California
3668733538,Chinese Foods - Chicken Wing,F,"$5,100.65",Celica,Wooden Mop Handle,Virginia
3320876678,Beans - Kidney White,M,"$2,212.15",G5,Salt - Sea,Indiana
5373451223,Carbonated Water - Cherry,M,"$8,772.15",Expedition,Saskatoon Berries - Frozen,Iowa
2144863091,"Shrimp, Dried, Small / Lb",F,"$7,466.06",Econoline E250,Wine - Bouchard La Vignee Pinot,Pennsylvania
305269151,"Wine - Red, Metus Rose",M,"$3,754.82",SL-Class,Beef - Tenderloin Tails,Pennsylvania
1178875415,"Pepper - White, Ground",M,"$3,680.35",Murci√©lago,"Veal - Shank, Pieces",District of Columbia
8719455046,Milk Powder,M,"$2,535.34",Talon,Bread Crumbs - Japanese Style,Tennessee
9434244293,Oysters - Smoked,M,"$8,253.34",Titan,"Crab - Dungeness, Whole",Texas
9899044717,Cheese - Oka,M,"$2,903.99",DeVille,"Mushroom - Enoki, Dry",Kansas
1515666581,Beer - Moosehead,F,"$7,391.16",DeVille,Lettuce Romaine Chopped,Florida
3508902285,Mushroom - Portebello,F,"$9,809.31",MX-5,"Wine - White, Schroder And Schyl",District of Columbia
6889563115,Chinese Foods - Pepper Beef,M,"$2,688.93",Sonata,Seedlings - Clamshell,New Hampshire
4887408331,"Beef - Baby, Liver",M,"$9,211.66",Town Car,Wakami Seaweed,Oregon
3634843071,"Beans - Fava, Canned",M,"$8,555.92",T100 Xtra,Sauce - Cranberry,Ohio
7401035561,"Potatoes - Yukon Gold, 80 Ct",M,$86.90,Montero,Gelatine Leaves - Bulk,Washington
4728472590,"Tray - Foam, Square 4 - S",F,"$7,870.47",XK Series,"Crab - Claws, Snow 16 - 24",Nebraska
5887317582,Plate Foam Laminated 9in Blk,F,"$9,723.31",Lumina,Pastry - Chocolate Marble Tea,Maryland
3883807354,"Pasta - Rotini, Dry",M,"$2,623.29",Tracker,Puree - Pear,Pennsylvania
7791931443,Yoplait Drink,F,"$7,404.00",Catera,Coffee Guatemala Dark,Pennsylvania
4654906525,Butter Balls Salted,M,"$1,317.23",Explorer,Numi - Assorted Teas,California
6604028429,Campari,M,"$3,886.55",3500,Beef - Bresaola,Kentucky
5529507220,Lettuce - Sea / Sea Asparagus,F,"$4,561.39",SL-Class,Muffin - Mix - Creme Brule 15l,New Hampshire
2468661508,Lemons,F,"$6,605.43",Ram 3500 Club,"Nut - Cashews, Whole, Raw",California
4319072731,Cheese - Feta,M,"$7,737.42",Express 2500,Muffin Hinge Container 6,Georgia
2202265457,Apple - Fuji,F,"$8,224.77",A8,Egg Patty Fried,Florida
1052245099,"Wine - Red, Concha Y Toro",F,"$5,366.40",Sedona,"Jam - Raspberry,jar",Florida
5927240631,"Nut - Cashews, Whole, Raw",F,"$1,432.49",Colorado,Bandage - Fexible 1x3,Texas
6621404921,Grenadine,M,"$1,103.14",Trans Sport,Shallots,New York
6701947484,Pastry - Banana Tea Loaf,M,"$6,232.57",TrailBlazer,Garam Masala Powder,California
2807053149,Spinach - Frozen,M,"$6,366.46",Ranger,Plaintain,Texas
5944853921,Lettuce Romaine Chopped,M,"$5,715.19",Charger,Pastry - Butterscotch Baked,California
3205128575,Cocoa Feuilletine,M,"$6,815.98",Lancer,Beef - Eye Of Round,New Hampshire
8464722729,Oven Mitts - 15 Inch,M,"$4,981.75",Exige,Garam Masala Powder,Ohio
4316078844,"Bread - Rolls, Corn",M,"$4,315.52",Fortwo,Sour Puss Raspberry,Maryland
1344561306,Carbonated Water - Wildberry,F,"$2,227.28",Elantra,Ginger - Ground,California
4707741215,"Wine - White, Schroder And Schyl",F,"$1,626.96",Tahoe,Pepper - Chilli Seeds Mild,California
2422325688,"Cake Circle, Foil, Scallop",M,"$9,181.07",Previa,Gherkin - Sour,California
6344327804,Cheese - Comtomme,M,"$2,645.26",Yaris,"Plate - Foam, Bread And Butter",Alabama
7189404708,Crackers - Graham,M,"$6,552.65",Excursion,"Wine - Magnotta - Red, Baco",Alabama
5372958588,Nectarines,M,"$3,307.49",Mighty Max Macro,Beef - Shank,Iowa
9160574321,Compound - Rum,F,"$4,383.32",G37,Sausage - Breakfast,North Carolina
264353250,Artichokes - Jerusalem,F,"$5,692.64",Sonata,Water - Green Tea Refresher,California
7994806163,"Wine - Harrow Estates, Vidal",M,"$5,713.70",Bronco,Chocolate Liqueur - Godet White,Illinois
9708640506,Pastry - Trippleberry Muffin - Mini,F,"$5,657.05",Carrera GT,Table Cloth 90x90 Colour,California
3911039441,"Cheese - Brie, Cups 125g",M,"$5,785.90",Silverado 2500,Chinese Foods - Pepper Beef,California
2679694643,Sauce - Salsa,M,"$8,242.37",626,Peas - Frozen,West Virginia
5962125096,Bacardi Breezer - Tropical,F,"$1,393.91",F350,Wine - Barolo Fontanafredda,Tennessee
1848668716,Pepper - Red Thai,M,$535.87,Sidekick,Island Oasis - Ice Cream Mix,Ohio
1642487880,Soup Campbells,F,$851.82,Impala,Soup - Cream Of Potato / Leek,Virginia
8537436011,Liners - Baking Cups,M,"$6,908.45",Cougar,Tomatoes - Grape,Michigan
9934098067,Truffle - Peelings,F,"$2,726.09",9000,Tomato - Tricolor Cherry,California
5003610270,Tart - Pecan Butter Squares,M,"$9,888.67",228,"Tart Shells - Savory, 3",Texas
5083316072,"Thyme - Lemon, Fresh",F,"$8,248.94",Spectra,Sour Cream,Hawaii
2221676610,Cake - Night And Day Choclate,M,"$2,791.68",760,Pork - Backs - Boneless,District of Columbia
706915070,Tea - Herbal Sweet Dreams,M,$335.69,Entourage,Longos - Lasagna Beef,Georgia
3125248043,Sage - Ground,M,"$9,048.27",Beretta,Onion - Dried,Colorado
3766328395,Soup Campbells - Tomato Bisque,M,"$4,166.30",CR-V,Garlic - Peeled,District of Columbia
2483126294,Cheese - Sheep Milk,M,"$3,508.77",Cooper Clubman,Sardines,Oklahoma
5297349419,Shrimp - 150 - 250,M,"$9,227.96",TT,Pork - Ham Hocks - Smoked,Arizona
2979871958,Cheese - Camembert,M,"$1,784.22",Impala,"Lamb - Leg, Diced",Montana
5387526956,"Nut - Walnut, Pieces",M,"$8,680.85",Galaxie,Bread - Burger,Washington
7883375083,Raspberries - Fresh,M,"$3,889.30",Navajo,"Chocolate - Semi Sweet, Calets",Florida
4143588897,Appetizer - Cheese Bites,M,"$4,124.68",Genesis,"Syrup - Monin, Amaretta",Florida
9883242646,Mayonnaise - Individual Pkg,F,"$8,575.19",Yukon,Beans - Yellow,California
5141466906,"Sparkling Wine - Rose, Freixenet",M,"$2,199.36",Ram Van B150,Muffin Mix - Oatmeal,California
7210400710,"Pepper - White, Whole",F,"$6,820.77",New Beetle,Pork Casing,Massachusetts
9231449281,Ecolab Crystal Fusion,F,"$1,795.10",TSX,"Pork - Sausage, Medium",Texas
1549207199,"Beef - Baby, Liver",M,"$3,604.23",Caravan,Blouse / Shirt / Sweater,Texas
6576896085,"Pepper - Green, Chili",F,"$5,734.53",Tempo,Loquat,Pennsylvania
999374516,"Carrots - Purple, Organic",M,"$2,888.00",MDX,Broccoli - Fresh,Virginia
3968087372,"Wine - Red, Gallo, Merlot",F,"$2,410.41",911,"Rice Pilaf, Dry,package",California
3139170319,Pepper - Chilli Seeds Mild,M,"$6,211.06",Envoy,Tilapia - Fillets,District of Columbia
1801551723,Magnotta - Bel Paese White,F,"$6,026.36",Bonneville,Bread - Kimel Stick Poly,Kentucky
5143874963,Pepper Squash,F,"$5,516.48",Corvette,Flour - Bread,Colorado
938366076,Vaccum Bag - 14x20,M,"$6,621.08",6 Series,Cornflakes,California
6749725422,Anchovy Paste - 56 G Tube,M,"$5,491.82",Discovery,"Vermouth - Sweet, Cinzano",North Carolina
2474215611,Spaghetti Squash,F,"$8,572.79",G37,Quinoa,Texas
5220786644,Bouillion - Fish,F,"$6,312.51",Omni,"Juice - Pineapple, 48 Oz",Oklahoma
5428537795,Spice - Peppercorn Melange,F,"$5,026.22",Tahoe,Graham Cracker Mix,Texas
5226153732,Versatainer Nc - 9388,F,"$6,628.57",M5,Pecan Raisin - Tarts,Oklahoma
6801614703,Wonton Wrappers,M,"$9,447.20",Land Cruiser,Avocado,Colorado
3093647886,Waffle Stix,F,"$7,261.36",Oasis,Miso - Soy Bean Paste,Nebraska
7284343486,"Appetizer - Spring Roll, Veg",F,"$3,618.29",600,Napkin Colour,Alabama
3305031662,"Yogurt - Blueberry, 175 Gr",F,"$6,155.82",Eldorado,Propel Sport Drink,Missouri
26044625,Ham - Cooked Italian,M,"$6,238.80",M-Class,Bread - Italian Roll With Herbs,Georgia
2565345755,Plasticknivesblack,M,"$3,767.37",Solstice,Cup - Paper 10oz 92959,California
300961995,Calvados - Boulard,M,"$9,565.74",Wrangler,"Bread - White, Sliced",North Carolina
2863786008,"Beef - Bones, Cut - Up",M,"$9,715.68",Tiburon,Wine - Montecillo Rioja Crianza,Washington
9813812648,"Turkey - Breast, Bone - In",F,"$8,217.79",Wrangler,Bread - Flat Bread,Minnesota
1343848822,Dawn Professionl Pot And Pan,F,"$4,644.17",Tercel,Pastry - Lemon Danish - Mini,Washington
8723405007,"Pasta - Shells, Medium, Dry",F,"$1,462.85",GTI,Pepper Squash,Texas
7077723216,Oil - Grapeseed Oil,F,$419.22,LR3,Long Island Ice Tea,Florida
1649882459,Stainless Steel Cleaner Vision,M,"$2,561.18",Bonneville,Strawberries - California,Virginia
5431322281,Wood Chips - Regular,F,"$7,116.82",LSS,Hagen Daza - Dk Choocolate,Texas
7198693350,"Juice - Clam, 46 Oz",F,"$9,889.53",Thunderbird,Pheasants - Whole,New York
3114418287,Bagels Poppyseed,M,"$5,938.50",CLK-Class,Carbonated Water - Blackcherry,South Carolina
162129041,Cake Slab,F,"$3,209.93",Sienna,Sprouts - Baby Pea Tendrils,California
3898546853,"Nut - Hazelnut, Ground, Natural",M,"$6,030.95",Montego,"Tart Shells - Savory, 4",District of Columbia
1144796598,Cheese - Pont Couvert,F,"$2,273.16",Civic,Onions - Red,Montana
8263423694,"Crush - Orange, 355ml",F,$238.90,Yukon Denali,Buffalo - Striploin,Virginia
2343457719,Ezy Change Mophandle,F,"$3,543.56",Sonoma,"Cheese - Manchego, Spanish",Tennessee
2444145054,Bay Leaf Ground,M,"$7,502.43",HHR,Pizza Pizza Dough,Alabama
8218582630,"Salt - Rock, Course",F,"$2,327.73",Protege,Cheese - St. Paulin,Texas
3794176227,Garbag Bags - Black,M,"$1,378.38",Escort,"Soup - Canadian Pea, Dry Mix",Arizona
3620320535,Truffle Cups - Red,F,"$1,705.38",X5 M,Cheese - Mascarpone,Ohio
632508256,"Quail - Whole, Boneless",F,$767.30,Allante,"Tuna - Canned, Flaked, Light",California
4862572243,Bacardi Limon,F,"$5,668.21",Accord,Gatorade - Orange,West Virginia
6799067976,Cake - Cheese Cake 9 Inch,M,"$4,984.65",370Z,Spring Roll Veg Mini,Alabama
3817803419,Chips Potato Swt Chilli Sour,F,"$2,374.60",Corsica,Spinach - Baby,Georgia
4937951092,"Iced Tea - Lemon, 340ml",M,"$2,648.17",4000s Quattro,Longos - Grilled Chicken With,Indiana
455371806,Ecolab - Hand Soap Form Antibac,M,"$8,501.52",T100 Xtra,"Coffee - Beans, Whole",Indiana
5836377006,Fruit Salad Deluxe,F,"$6,475.37",MGB,Tea - Herbal - 6 Asst,Hawaii
3944158237,Aspic - Light,M,"$1,537.94",Colorado,Marjoram - Fresh,Minnesota
2989705643,Venison - Denver Leg Boneless,M,"$2,174.08",Mazda6,Pizza Pizza Dough,Virginia
941626393,Wine - Cotes Du Rhone Parallele,F,"$7,852.24",RL,Extract - Lemon,Tennessee
1008509671,Muffin Carrot - Individual,F,"$4,634.28",DeVille,Wine - Gato Negro Cabernet,Texas
832427160,Bread - Pumpernickel,F,"$9,104.88",Corolla,Cheese - Valancey,New York
9949030609,Onions - Red,F,$147.23,Genesis Coupe,"Tendrils - Baby Pea, Organic",California
5589181666,Shrimp - Tiger 21/25,M,"$3,191.65",Sable,Asparagus - Mexican,Illinois
4021140913,Bread Fig And Almond,F,"$5,440.34",Quattroporte,Sherry - Dry,Louisiana
4035880426,Fudge - Chocolate Fudge,M,"$6,695.74",Sebring,Wine - Chateau Bonnet,New York
3705171259,Wine - Delicato Merlot,M,"$6,319.91",Altima,Pepper - Red Thai,Texas
7899156947,Cookies - Englishbay Wht,M,"$6,182.65",IS F,Sugar Thermometer,Texas
4251541413,"Cod - Salted, Boneless",M,"$3,632.39",Bronco,Cheese - Mix,Louisiana
1198673540,Cut Wakame - Hanawakaba,F,"$9,415.98",Mazda3,Wiberg Super Cure,Indiana
5460771528,"Wine - Red, Mosaic Zweigelt",F,"$7,452.81",FJ Cruiser,Chocolate - Dark,Florida
7277736745,"Lentils - Red, Dry",M,"$2,124.69",Express 1500,Cheese - Grie Des Champ,Delaware
6998967101,Coffee Swiss Choc Almond,F,"$6,113.08",3500,Chinese Foods - Chicken Wing,South Carolina
4981868375,"Beef - Rib Roast, Capless",M,"$7,838.14",Mazda6,Glaze - Apricot,Illinois
7094149662,Calypso - Black Cherry Lemonade,M,"$5,778.25",Oasis,Eggs - Extra Large,Colorado
9246555384,Food Colouring - Orange,F,"$3,319.66",Grand Marquis,"Ecolab - Orange Frc, Cleaner",Ohio
2948648203,Savory,F,"$2,122.00",ES,Brandy Apricot,Washington
6861290211,Sauce - Vodka Blush,F,"$6,955.54",Viper,Wine - Champagne Brut Veuve,Florida
278494153,"Wine - Red, Cooking",F,$925.16,Pathfinder,"Jam - Raspberry,jar",Georgia
3867480451,Chips Potato Swt Chilli Sour,M,"$5,317.52",SL-Class,Crab - Soft Shell,Florida
3676171268,Durian Fruit,F,"$2,073.25",Ram 3500,Alize Gold Passion,New York
727291661,"Wine - Magnotta, White",M,"$6,320.63",Legend,"Rosemary - Primerba, Paste",Minnesota
2749166691,Veal - Provimi Inside,M,"$1,214.54",Regal,Wine - Chateau Timberlay,Indiana
5790976964,Crab - Meat Combo,M,"$8,599.40",Bonneville,Puree - Mocha,New York
9718547908,Garlic - Peeled,F,"$6,503.17",Sierra 2500,"Wine - White, Schroder And Schyl",Florida
977694712,Chef Hat 20cm,M,"$5,341.71",200SX,Pears - Fiorelle,Florida
1994428252,Bread - Rye,F,"$5,459.97",MX-3,Soy Protein,California
1110778201,Wine - Valpolicella Masi,M,$489.21,Typ-1,Mushroom - Portebello,Massachusetts
8018849145,Wine - Carmenere Casillero Del,F,"$1,488.93",F250,Anisette - Mcguiness,Delaware
2735318206,Bread Base - Goodhearth,M,"$2,134.31",Ram 3500,"Beef - Tongue, Cooked",Florida
2921248298,Table Cloth 72x144 White,M,"$6,879.77",Tracer,Gherkin,Colorado
238402770,Hersey Shakes,F,"$2,422.75",MKS,Longos - Cheese Tortellini,North Carolina
2697259740,Puree - Raspberry,M,"$2,187.00",Mariner,"Lemonade - Natural, 591 Ml",North Carolina
7344383152,Sauce - Ranch Dressing,M,"$8,726.63",Crosstour,Cookie Dough - Double,Louisiana
541562029,Shrimp - Tiger 21/25,M,"$6,493.02",Cobalt,Cheese - Swiss,Hawaii
9154527252,"Wine - White, Schroder And Schyl",F,"$4,663.87",Pajero,Thyme - Dried,Mississippi
583923631,Island Oasis - Lemonade,F,"$5,442.60",Corvair 500,Rice Paper,Nevada
4645912186,Baking Powder,M,"$1,348.59",Lancer,Water - Spring 1.5lit,North Carolina
4100980981,Dried Cranberries,F,"$4,726.18",T100,"Rosemary - Primerba, Paste",Texas
3304683607,Scallop - St. Jaques,M,"$4,995.04",Viper,Wine - Pinot Noir Mondavi Coastal,Iowa
6621432119,"Sparkling Wine - Rose, Freixenet",M,"$3,693.41",Grand Caravan,"Tart Shells - Sweet, 3",Texas
3969634555,Cream - 35%,F,"$5,745.90",Lynx,"Salmon - Whole, 4 - 6 Pounds",Massachusetts
4328868489,Scrubbie - Scotchbrite Hand Pad,M,"$1,205.57",300SD,Trueblue - Blueberry,Minnesota
9708729426,"Lemonade - Mandarin, 591 Ml",M,"$3,472.49",370Z,Dc - Sakura Fu,North Carolina
2091328839,Zucchini - Yellow,F,"$6,841.58",Truck,"Pork - Bacon, Sliced",Illinois
7857482749,Bar - Granola Trail Mix Fruit Nut,M,"$5,928.47",1500,Muffin Hinge 117n,Vermont
4966611865,Kirsch - Schloss,F,"$6,840.39",Forester,Tandoori Curry Paste,Ohio
6303928625,Nestea - Iced Tea,M,"$7,309.16",Century,Banana - Green,Colorado
8586344885,"Turkey - Breast, Smoked",M,"$4,333.04",4Runner,Lid Coffeecup 12oz D9542b,Hawaii
2894706758,Veal - Striploin,M,"$8,874.38",Grand Marquis,"Soup - Campbells, Beef Barley",Tennessee
2953339752,Sauce - Marinara,M,"$2,246.85",Envoy XL,"Pepper - Julienne, Frozen",Arizona
3977806181,Sun - Dried Tomatoes,F,"$9,600.65",900,Parsnip,South Carolina
1886588007,Anchovy Fillets,M,$975.42,TrailBlazer,"Bread - Roll, Calabrese",Texas
5637311552,"Pasta - Gnocchi, Potato",M,"$8,693.60",Sedona,Chives - Fresh,Texas
3636119710,Pastry - Banana Tea Loaf,M,"$9,570.67",E-Class,Wine - Carmenere Casillero Del,Alabama
8372304777,Sardines,M,"$5,876.14",Cooper Clubman,Lemonade - Pineapple Passion,Illinois
8382232752,Squid - U 5,F,"$1,655.51",Q,"Water - Spring Water, 355 Ml",Illinois
5821109310,Pastry - Plain Baked Croissant,M,"$3,302.73",Miata MX-5,Arrowroot,Colorado
1881748561,Oil - Avocado,F,"$3,824.68",SLK-Class,Ice Cream Bar - Oreo Cone,District of Columbia
3041566591,Pepper - Scotch Bonnet,F,"$3,608.14",Wrangler,Soup Campbells,Georgia
9742200149,Juice Peach Nectar,F,"$2,858.14",Escalade EXT,Cheese - Valancey,Iowa
5064050534,"Pepper - Black, Whole",F,"$1,862.56",Silverado 3500,Chicken Breast Halal,Indiana
6764147922,Cheese - Cottage Cheese,M,"$8,741.64",Lancer,Tart - Lemon,Texas
7051123319,Yoghurt Tubes,F,"$5,294.40",Viper,Soup Campbells,Nebraska
7428525780,Containter - 3oz Microwave Rect.,F,"$2,930.85",Silhouette,Chicken Breast Wing On,Michigan
9157577749,Soup - Campbells Broccoli,F,"$5,112.62",C70,Sauce Bbq Smokey,North Carolina
5581555869,Hipnotiq Liquor,F,"$5,150.14",Accent,Miso Paste White,Arizona
9594979496,Soup - Tomato Mush. Florentine,M,"$1,400.12",Avalon,Cheese - St. Andre,Nevada
9373070495,Chutney Sauce - Mango,M,"$1,782.21",Acclaim,Cheese - Le Cru Du Clocher,Tennessee
2789125546,"Chicken - Leg, Boneless",M,"$8,602.49",Armada,Longos - Chicken Cordon Bleu,California
8489996172,Flower - Dish Garden,F,"$2,083.47",Camaro,Lettuce - Spring Mix,Michigan
4102897895,Green Tea Refresher,M,"$5,247.94",Flex,"Wine - Red, Lurton Merlot De",Tennessee
4325460888,Hersey Shakes,M,"$5,673.36",LeSabre,Bread Bowl Plain,Ohio
1138486027,Nestea - Iced Tea,M,"$3,796.89",Tempo,Soup Campbells - Tomato Bisque,California
1237709288,"Champagne - Brights, Dry",F,"$2,085.83",Express,"Onions - Dried, Chopped",New York
6865727541,Soap - Hand Soap,F,"$2,377.80",Passat,"Veal - Leg, Provimi - 50 Lb Max",Tennessee
6580459654,"Wine - Magnotta, White",F,"$8,019.08",Econoline E150,Lidsoupcont Rp12dn,Florida
8306460111,Longos - Chicken Curried,F,"$9,636.39",Grand Marquis,Mace Ground,Texas
4704128806,Chocolate Bar - Smarties,M,"$8,053.58",1500,Juice - Ocean Spray Kiwi,Michigan
5731502420,Appetizer - Asian Shrimp Roll,M,"$3,625.11",Intrepid,The Pop Shoppe - Black Cherry,District of Columbia
6569005642,"Beef - Ground, Extra Lean, Fresh",M,"$7,719.74",Savana 3500,Glycerine,Texas
6641787893,Catfish - Fillets,M,"$7,735.38",GL-Class,Potatoes - Parissienne,Arizona
4048822381,Sandwich Wrap,F,"$7,019.75",S40,Veal - Nuckle,Ohio
8056309403,"Thyme - Lemon, Fresh",F,"$5,825.98",7 Series,"Beans - Turtle, Black, Dry",California
5383928421,Cheese - Cambozola,M,"$5,156.65",Range Rover,Wine - Chateau Aqueria Tavel,Virginia
2738941443,The Pop Shoppe - Black Cherry,M,"$6,601.35",S-Type,Milk 2% 500 Ml,Missouri
3742247190,Mousse - Banana Chocolate,M,"$5,782.89",Astro,Sesame Seed Black,South Dakota
3759736491,Momiji Oroshi Chili Sauce,F,"$6,426.07",Probe,Pants Custom Dry Clean,Texas
3942253836,"Salt - Rock, Course",F,"$8,018.44",Summit,Sobe - Green Tea,District of Columbia
9327331559,Cheese Cloth No 100,F,$292.14,G-Class,"Salmon - Atlantic, No Skin",Arizona
2267573415,Plasticforkblack,M,"$6,856.85",G35,Juice - Lemon,California
7940690841,Wine - Guy Sage Touraine,F,"$5,885.60",Prius Plug-in Hybrid,Rice - Long Grain,Nevada
2954418427,Soup - Campbells - Tomato,M,"$9,265.72",Accord,Cheese - Swiss,Alabama
169395405,Tea Peppermint,F,"$9,874.62",Discovery Series II,"Tomatoes - Vine Ripe, Red",Nevada
9657866146,Praline Paste,F,"$1,748.43",530,Cranberry Foccacia,Louisiana
2509192094,Cake - Bande Of Fruit,F,"$2,308.33",Grand Prix,Chicken - Soup Base,Tennessee
3506712063,Garlic - Peeled,M,"$5,234.58",CR-V,Plate Pie Foil,Texas
8905124720,Venison - Ground,M,"$7,115.34",Edge,"Wine - Red, Gamay Noir",Texas
5790328318,Milk - Skim,F,$816.43,Turbo Firefly,"Asparagus - Green, Fresh",Texas
2127026136,Rice - Sushi,M,"$2,057.88",Prowler,Sesame Seed Black,Alaska
3092762185,"Beef - Roasted, Cooked",F,"$9,648.17",G3,Ezy Change Mophandle,Missouri
155374087,"Soup - Beef Conomme, Dry",F,$785.20,Range Rover Sport,"Lamb - Whole, Fresh",Georgia
7131059633,Potatoes - Peeled,M,"$3,119.07",Camry,Cream - 10%,Connecticut
6481014212,"Cherries - Maraschino,jar",F,"$5,939.95",LS,Crab - Soft Shell,Oregon
8342411486,Kumquat,M,"$8,424.86",Versa,Sultanas,California
603896766,"Tomatoes - Vine Ripe, Yellow",F,"$3,179.19",Express 2500,Lotus Rootlets - Canned,Texas
8270093254,Potatoes - Idaho 100 Count,F,"$7,924.13",Topaz,Burger Veggie,District of Columbia
8011064525,Dc - Frozen Momji,F,"$3,954.36",Boxster,Shrimp - Black Tiger 6 - 8,Iowa
5653279498,Bandage - Finger Cots,M,"$1,406.93",Sky,Creme De Cacao Mcguines,Michigan
8950431610,Spice - Onion Powder Granulated,F,"$8,125.53",M5,Crab Brie In Phyllo,South Carolina
7364014322,"Soup - Campbells, Chix Gumbo",M,"$5,385.84",5 Series,"Fish - Artic Char, Cold Smoked",Oklahoma
9281605961,Eggplant Italian,M,$284.95,Corvette,Milk - 1%,Maryland
3057594948,"Red Snapper - Fresh, Whole",M,"$8,572.52",MPV,Tomatoes,South Carolina
9678833794,"Tortillas - Flour, 10",F,"$7,603.01",Lancer,Cloves - Whole,California
6672749500,Mayonnaise,M,"$1,527.63",Lancer,Bagel - Whole White Sesame,Texas
8088327636,"Crush - Grape, 355 Ml",F,"$8,573.91",Envoy,Cheese - Brie,California
3764137738,"Soup - Cream Of Broccoli, Dry",F,"$6,446.47",Trans Sport,Yokaline,Texas
8112601356,Table Cloth 54x54 Colour,M,"$7,890.05",Century,Breadfruit,Ohio
9191651077,Chinese Lemon Pork,M,"$7,010.39",Altima,Juice - Mango,New York
4428864582,French Kiss Vanilla,M,"$2,223.56",Intrepid,Wine - Periguita Fonseca,Maryland
1697031021,Chocolate Liqueur - Godet White,M,"$1,421.26",Envoy,Chocolate - Liqueur Cups With Foil,New York
1465495479,"Cake Circle, Foil, Scallop",F,"$7,989.24",Regency,Wine - Puligny Montrachet A.,Georgia
488840546,Spring Roll Wrappers,F,"$9,948.22",Canyon,Tofu - Soft,Vermont
2268400204,Chocolate Liqueur - Godet White,M,"$9,125.40",599 GTB Fiorano,Cream Of Tartar,Georgia
570496756,Steel Wool,M,"$5,022.45",Astro,Beef - Top Sirloin - Aaa,Colorado
2433855330,Oats Large Flake,M,"$7,393.44",2500,Wine - Vineland Estate Semi - Dry,North Dakota
1155921542,"Tortillas - Flour, 12",F,"$6,966.59",Park Avenue,Milk - Chocolate 500ml,Michigan
3243127475,Napkin White - Starched,F,"$2,888.07",Galant,Jagermeister,Kentucky
1593315864,Sauce - Soy Low Sodium - 3.87l,F,"$4,660.43",Armada,"Onions - Dried, Chopped",District of Columbia
6566103465,Dried Cranberries,M,"$7,692.54",SL-Class,"Pasta - Gnocchi, Potato",New York
9857579043,Wine - Casablanca Valley,F,"$3,608.89",Prizm,Cake - Sheet Strawberry,California
4757446667,Glycerine,M,"$9,617.77",626,"Bread - Dark Rye, Loaf",Virginia
8736648566,Anchovy Fillets,F,"$3,684.66",Savana 2500,Oil - Shortening - All - Purpose,Virginia
9315817656,Lid - 0090 Clear,F,"$4,591.72",Rodeo,Tomato - Green,Texas
2679280326,Cheese - Shred Cheddar / Mozza,F,"$8,634.06",Bronco,Salt And Pepper Mix - Black,Alabama
7635290134,Lamb - Shoulder,M,"$5,838.48",1500,Soup Campbells Beef With Veg,Michigan
6251990295,"Lobster - Baby, Boiled",M,"$3,758.89",Gallardo,Basil - Seedlings Cookstown,Kansas
9228011203,Muffins - Assorted,M,"$6,854.07",Quest,Sugar - Crumb,District of Columbia
760563675,Broom Handle,M,"$7,845.93",370Z,"Mushroom - Oyster, Fresh",New Jersey
1906227586,Olive - Spread Tapenade,M,"$7,744.21",Fox,"Bread - Rolls, Corn",Kansas
8201694031,Miso Paste White,M,"$9,952.94",Savana 2500,Sausage - Chorizo,District of Columbia
3465968492,"Red Snapper - Fresh, Whole",F,"$8,068.88",Mountaineer,Tray - 16in Rnd Blk,Nevada
7123611535,Tomatoes - Orange,M,"$7,366.16",Equinox,Flour - Pastry,California
779720334,Pastry - Chocolate Marble Tea,M,"$2,474.46",Durango,Relish,District of Columbia
2832693865,Figs,M,"$5,364.80",G-Series G30,Cumin - Ground,Tennessee
2270085957,Halibut - Fletches,F,"$8,457.40",330,Wine - Mondavi Coastal Private,District of Columbia
8282745022,"Water - Mineral, Carbonated",F,"$8,760.08",Ram Van 2500,Shopper Bag - S - 4,Texas
2103879570,Beef Cheek Fresh,M,"$3,708.76",CTS,Vacuum Bags 12x16,Virginia
5722519987,Ketchup - Tomato,F,"$2,781.01",Sprinter 2500,Sterno - Chafing Dish Fuel,South Carolina
9904288542,Kippers - Smoked,F,"$2,811.52",Silverado 1500,"Lobster - Baby, Boiled",Kentucky
5232069624,Artichokes - Jerusalem,F,"$3,398.42",Swift,"Gin - Gilbeys London, Dry",Mississippi
652800947,Thermometer Digital,M,"$7,584.76",Mirage,Bread - Burger,Indiana
9288754466,Straw - Regular,F,"$7,820.61",Econoline E350,Chicken - Tenderloin,Florida
1855677318,Mushroom - Morel Frozen,F,$824.21,Murano,Langers - Mango Nectar,Illinois
8194922208,Bread Cranberry Foccacia,F,"$4,255.56",Cougar,Soup Campbells,New York
7402204359,Sugar - Monocystal / Rock,F,"$4,365.00",Pajero,Sauce - Hollandaise,Florida
5807654064,"Wine - Red, Marechal Foch",F,"$6,396.57",7 Series,Ginger - Fresh,Maryland
4430302715,Foam Espresso Cup Plain White,M,"$9,680.40",Savana 1500,"Chicken - Leg, Boneless",New Jersey
3244827624,"Fish - Soup Base, Bouillon",M,"$9,331.40",Caravan,Chick Peas - Dried,Virginia
9055533726,Longos - Grilled Chicken With,M,"$4,430.94",Outlander,Drambuie,Alabama
267162677,Container - Hngd Cll Blk 7x7x3,M,$176.52,Diamante,Quinoa,Texas
8735600179,Dc - Frozen Momji,F,"$8,004.90",300,"Coconut - Creamed, Pure",Florida
6970311155,Kiwano,M,"$9,772.58",GTO,Lettuce - Red Leaf,Alabama
6224251347,Wine - Redchard Merritt,M,"$7,630.18",Azera,Ice Cream - Strawberry,California
8016742416,"Pepper - Chipotle, Canned",M,"$6,674.29",Touareg,Tea - Camomele,Florida
6506905581,Cheese - Oka,F,$263.01,Mazda3,Isomalt,Michigan
5918599967,Jam - Apricot,F,"$5,303.90",Camry Hybrid,Godiva White Chocolate,Maryland
8177473387,Crab - Imitation Flakes,M,"$3,470.46",LeSabre,"Ice - Clear, 300 Lb For Carving",Alabama
2435982658,"Wine - Red, Harrow Estates, Cab",F,"$2,480.98",Suburban 1500,Pastry - Apple Muffins - Mini,Connecticut
3527362436,Bread - Wheat Baguette,M,$379.23,Jetta,"Salmon - Smoked, Sliced",Kentucky
3087537772,"Wine - Red, Harrow Estates, Cab",M,"$1,203.83",4Runner,"Lamb - Pieces, Diced",California
2865653463,Wine - Conde De Valdemar,M,"$9,794.52",Sportage,Shrimp - 100 / 200 Cold Water,Pennsylvania
8274863305,Soup - Base Broth Beef,M,"$4,717.31",09-may,"Pasta - Lasagne, Fresh",Michigan
3939374873,Boogies,M,"$9,470.70",Escape,Lid Tray - 12in Dome,District of Columbia
4466785511,Icecream - Dstk Cml And Fdg,M,"$8,624.58",Ram Van 3500,Table Cloth 54x54 Colour,California
3823089455,Wine - Remy Pannier Rose,F,"$9,218.55",Sentra,Scallops - Live In Shell,Kentucky
3691411800,Crab Meat Claw Pasteurise,F,"$9,587.69",XJ Series,Longos - Grilled Veg Sandwiches,California
7425523930,"Tart Shells - Sweet, 4",F,"$7,423.02",Century,Cookie Trail Mix,Kansas
3179122234,Currants,M,"$3,694.27",Avalon,"Bread - Roll, Whole Wheat",Maryland
9990119376,"Tarragon - Primerba, Paste",M,"$4,179.92",Coachbuilder,Bread - Triangle White,South Carolina
6209439187,Arizona - Plum Green Tea,F,"$8,064.16",Continental GT,Dish Towel,California
4826509022,Cream - 10%,F,"$8,649.16",F250,"Fish - Base, Bouillion",Florida
5945481858,Mushroom - White Button,M,"$8,069.36",FX,Mangostein,Wisconsin
3096653747,Bread Ww Cluster,F,"$7,564.78",Corolla,Fond - Neutral,Michigan
976620413,Cabbage - Green,M,"$1,540.96",Charger,Cheese - Pied De Vents,California
3124645537,Huck Towels White,M,"$1,386.97",Outlander,Chocolate - Mi - Amere Semi,New York
9177917529,Miso Paste White,F,"$9,526.81",SSR,Foam Tray S2,Texas
8690223924,Pork - European Side Bacon,M,"$4,812.34",Sportage,Wine - Vouvray Cuvee Domaine,Illinois
3579415808,Pork Ham Prager,F,"$1,700.94",Loyale,Crackers - Soda / Saltins,District of Columbia
4934739726,"Fish - Artic Char, Cold Smoked",M,"$2,031.86",Fit,Caviar - Salmon,Alabama
2163746585,Noodles - Steamed Chow Mein,M,$249.20,Civic,Pasta - Cheese / Spinach Bauletti,New Hampshire
9093710230,Pepper - Pablano,F,"$6,642.57",NSX,Cherries - Fresh,Florida
862734592,Soup - Campbells - Tomato,M,"$7,721.88",GL-Class,Duck - Legs,North Carolina
9378059651,Mushroom - King Eryingii,F,"$8,905.46",Freelander,"Salmon - Atlantic, Skin On",California
6336433315,Bread - Sour Sticks With Onion,M,"$4,079.27",Reno,Cheese - Roquefort Pappillon,California
8580775833,Pants Custom Dry Clean,M,"$9,285.79",NSX,Steampan Lid,California
9936936175,Calypso - Pineapple Passion,F,"$7,522.77",Quest,Aspic - Clear,Virginia
2161244779,"Olives - Black, Pitted",F,$107.70,Crossfire Roadster,Vinegar - Sherry,Virginia
9293005670,Pork - Smoked Kassler,F,"$9,772.60",Canyon,Foil - Round Foil,Texas
4483268775,"Pasta - Elbows, Macaroni, Dry",F,"$3,372.91",Range Rover Sport,Flower - Commercial Bronze,Michigan
3565266457,Bar Special K,M,"$6,220.80",TT,Cocoa Butter,California
7752311723,"Chicken - Thigh, Bone In",F,"$6,572.17",Ram Van B150,"Syrup - Monin, Amaretta",Pennsylvania
9355698216,Lid Coffeecup 12oz D9542b,M,"$7,573.14",Titan,Beans - Soya Bean,Texas
9808510183,Compound - Mocha,F,"$4,941.10",Leone,Milk - 2%,District of Columbia
574415475,Zucchini - Yellow,M,"$4,458.55",525,Bar Mix - Lemon,Arizona
7653245641,Wine - Merlot Vina Carmen,M,"$9,709.03",Armada,Lettuce - Radicchio,New York
5700328801,Savory,F,"$6,850.58",RX,Campari,Louisiana
5646660866,Guinea Fowl,M,$551.07,Ridgeline,Crackers Cheez It,Texas
8318010361,Soup Knorr Chili With Beans,F,"$3,358.54",Lucerne,Water - Aquafina Vitamin,Minnesota
2614323330,Pepper - Red Bell,F,"$7,410.47",Mazda5,Towels - Paper / Kraft,Tennessee
6025147485,Sugar - White Packet,M,"$6,899.85",Savana 3500,Ice Cream - Life Savers,California
6380133267,Walkers Special Old Whiskey,F,"$7,855.40",xD,"Wine - White, Cooking",Illinois
8587218808,Wine - Chateauneuf Du Pape,F,"$8,559.70",Savana 2500,Snapple Raspberry Tea,District of Columbia
9480709899,Sugar - Invert,M,"$8,502.69",Pathfinder,Island Oasis - Lemonade,Colorado
2454732890,Chervil - Fresh,M,"$8,012.99",Celica,"Water - Mineral, Carbonated",Illinois
2135566071,"Radish - Black, Winter, Organic",M,"$2,548.07",VUE,Chinese Lemon Pork,Texas
3324882567,Blackberries,M,"$6,346.32",Explorer,"Pepsi, 355 Ml",North Carolina
2884749608,Bread - French Stick,F,"$4,821.13",Voyager,Wine - Rosso Del Veronese Igt,Hawaii
8000585332,Syrup - Pancake,F,$288.84,S10,Gherkin,Kansas
7910697236,Pastry - Trippleberry Muffin - Mini,M,"$5,338.26",Amigo,Tea - Honey Green Tea,California
1945718684,Compound - Pear,M,$950.53,Liberty,Wine - Cotes Du Rhone,Indiana
8801719973,Wine - Touraine Azay - Le - Rideau,F,"$9,659.32",RDX,"Cheese - Cheddar, Medium",Mississippi
3547096642,Cherries - Fresh,F,"$8,301.68",Astro,Water - Aquafina Vitamin,New York
5208126737,Banana,F,"$2,643.89",Aerostar,Juice - Apple Cider,California
4764757273,Peas Snow,F,"$6,194.77",Astro,"Sauce - Gravy, Au Jus, Mix",California
4636862244,Garbage Bags - Clear,M,"$5,216.12",Prelude,Shrimp - 100 / 200 Cold Water,District of Columbia
5877863649,Oil - Cooking Spray,M,"$5,892.45",Maxima,"Chocolate - Pistoles, Lactee, Milk",Missouri
1467213144,Avocado,M,"$2,553.88",Ram 1500,"Bread - Pita, Mini",New York
4300547106,"Quail - Whole, Bone - In",M,"$4,964.99",Passat,Anchovy In Oil,Colorado
9420995291,Bread - Sour Batard,F,"$6,212.33",Chevette,Salt And Pepper Mix - White,California
2589065159,Salami - Genova,M,"$1,047.56",Escape,Wood Chips - Regular,Virginia
3905251787,"Noodles - Cellophane, Thin",F,"$2,620.91",Sidekick,Asparagus - Frozen,Texas
5803272183,Pastry - Butterscotch Baked,M,"$4,295.91",330,Bread - Petit Baguette,Ohio
3829841590,Pickles - Gherkins,M,"$4,145.66",Quest,"Lamb - Leg, Diced",Alabama
6001920303,"Soup - Knorr, Chicken Noodle",M,"$9,245.85",XJ,"Sauce - Apple, Unsweetened",Florida
6948599443,Aromat Spice / Seasoning,F,$684.72,V8 Vantage,Wine - Jackson Triggs Okonagan,Missouri
9218851578,"Fish - Artic Char, Cold Smoked",F,"$7,721.68",Frontier,Quiche Assorted,Texas
4762079332,Mushroom - Crimini,M,"$6,292.15",E-Class,Tea - Herbal Sweet Dreams,Texas
8474119650,Bread Base - Italian,F,"$7,760.89",W201,Tandoori Curry Paste,California
9248510507,Pumpkin,M,$627.32,500E,Sobe - Berry Energy,Colorado
2138200981,Container - Clear 16 Oz,M,"$8,345.00",928,Shrimp - 31/40,Florida
7488599888,Cream - 10%,M,$566.38,Gemini,White Fish - Filets,Tennessee
4024186957,White Fish - Filets,F,"$2,432.23",S80,Cheese - Provolone,Maryland
7249721607,Sauce - Fish 25 Ozf Bottle,M,"$8,811.40",Grand Prix,Cheese - St. Andre,Pennsylvania
6466842126,"Turnip - White, Organic",M,"$5,518.90",Titan,Pie Filling - Pumpkin,Indiana
1920478639,Sugar Thermometer,F,$838.14,Viper RT/10,Orange - Blood,Texas
3388977232,Snapple Raspberry Tea,F,"$9,282.80",Swift,Muffin Mix - Raisin Bran,Wisconsin
4302881763,Pickle - Dill,M,"$7,750.79",323,Cabbage - Green,Florida
7779084914,"Yogurt - Cherry, 175 Gr",M,"$5,850.01",i-280,Vinegar - Sherry,District of Columbia
780345940,Puree - Passion Fruit,M,"$7,794.36",5 Series,Soup - Cream Of Broccoli,Arkansas
907749992,"Rum - Cream, Amarula",M,"$6,932.76",Sierra 3500,Cleaner - Bleach,Alabama
7888756042,Eggwhite Frozen,M,"$1,413.09",Express 3500,Piping Jelly - All Colours,Florida
6958754867,Beef - Top Butt Aaa,M,"$2,414.77",New Yorker,Lotus Root,Louisiana
6952116508,Broom - Corn,M,"$3,757.83",GTO,Fish - Bones,West Virginia
7942158764,Bread Fig And Almond,M,"$5,134.04",Impala,Fireball Whisky,Nevada
6596961591,Squid - Breaded,M,"$4,130.88",F-Series,"Wine - Red, Cabernet Sauvignon",Georgia
9041076336,Cheese - Stilton,M,"$9,288.75",Silverado 2500,Chocolate - Feathers,Indiana
7164070067,Mussels - Frozen,M,"$7,085.09",Silverado 1500,Sage - Rubbed,Florida
9218144367,"Bread - Roll, Italian",M,"$4,009.92",Wrangler,"Tabasco Sauce, 2 Oz",California
3861838788,Beef - Rib Eye Aaa,M,$625.86,Sportage,Scallops - U - 10,Iowa
2195386525,Bar Special K,F,"$2,306.58",S4,"Wine - Bourgogne 2002, La",Florida
6975982538,Cheese - Goat With Herbs,M,"$7,125.18",Wrangler,Pear - Prickly,Texas
9315305736,Hipnotiq Liquor,M,"$8,633.40",XLR-V,Wine - Two Oceans Cabernet,New Jersey
2239672757,Coffee - Espresso,F,"$8,405.31",SSR,Beer - True North Strong Ale,Kansas
8343773578,"Wine - Red, Marechal Foch",F,$235.24,Monterey,Salmon - Canned,North Carolina
4401018702,Spice - Onion Powder Granulated,M,"$2,120.62",Suburban 1500,"Bread - Rolls, Rye",Iowa
7645937068,Milk - Buttermilk,M,"$4,976.20",CLS-Class,"Lentils - Green, Dry",Missouri
1331465605,Peas Snow,F,"$1,635.68",Firebird,Pastry - Trippleberry Muffin - Mini,Nebraska
1579763634,"Cherries - Maraschino,jar",F,"$9,041.18",Baja,Cheese - Gouda,Virginia
6874924346,Veal - Eye Of Round,M,"$6,974.48",62,Cheese - Marble,Connecticut
7321272486,"Crab - Back Fin Meat, Canned",F,"$7,444.61",Grand Marquis,Onions - Red,Ohio
516858343,Nut - Pumpkin Seeds,M,"$2,377.81",Cube,"Wine - White, Ej Gallo",Florida
1898764980,Soup - Campbells Beef Noodle,M,"$3,951.51",Karif,"Turkey - Whole, Fresh",Pennsylvania
6675786059,Shrimp - 31/40,M,"$1,995.10",Millenia,Nescafe - Frothy French Vanilla,Arizona
4911029668,"Beef - Rib Roast, Capless",F,"$5,068.32",W201,Energy Drink - Redbull 355ml,Indiana
1112907335,Star Fruit,F,"$7,902.99",Mariner,Beans - Fava Fresh,Kentucky
2643923197,Squid - U - 10 Thailand,M,"$6,548.87",MX-5,Cloves - Whole,Pennsylvania
41911067,Dikon,F,"$9,259.21",E-Series,"Dill - Primerba, Paste",Virginia
3545127443,Beef - Rib Eye Aaa,M,$357.94,Savana 3500,Gatorade - Fruit Punch,Virginia
4732117872,"Jam - Blackberry, 20 Ml Jar",M,"$4,154.74",XK Series,Muffin Batt - Choc Chk,Florida
2642892786,Cookie - Oatmeal,F,"$1,706.49",Jetta,Energy Drink,Colorado
3257181191,Petite Baguette,M,"$2,818.53",F-Series Super Duty,Wine - Sake,Florida
7338172226,Pastry - Chocolate Marble Tea,F,"$6,854.47",Gallardo,Tomatoes - Roma,Alabama
4500311394,Momiji Oroshi Chili Sauce,M,"$9,306.07",5000S,Juice - Ocean Spray Kiwi,North Carolina
6264780464,"Pork - Butt, Boneless",M,"$7,466.89",Frontier,Puff Pastry - Sheets,Texas
8816114088,Couscous,F,"$5,800.91",Alcyone SVX,Huck Towels White,Texas
4086965798,Pork Salted Bellies,M,"$3,227.40",Miata MX-5,Orange Roughy 4/6 Oz,Tennessee
5211719565,"Turkey - Breast, Double",M,"$3,038.90",GranTurismo,"Syrup - Monin, Irish Cream",Kentucky
7390390735,Sage Ground Wiberg,M,"$4,561.20",Accent,Wine - Stoneliegh Sauvignon,Texas
2206961636,Pepper - Cayenne,F,"$6,852.57",Express 1500,"Pepper - White, Whole",Missouri
5079024992,Lemon Pepper,M,"$6,177.18",Civic,Wine - Sawmill Creek Autumn,Texas
2225860947,Shrimp - Black Tiger 13/15,F,"$7,006.05",Sierra,Steampan - Lid For Half Size,Colorado
7978979253,Mussels - Cultivated,F,"$1,589.03",Cougar,Island Oasis - Magarita Mix,Tennessee
3111296253,Star Fruit,F,"$6,207.65",Probe,Turnip - White,Oklahoma
3553773855,Salami - Genova,M,$14.94,Vibe,Lamb Leg - Bone - In Nz,Texas
9003624682,Beer - Molson Excel,M,"$9,470.16",Diamante,Apricots - Halves,Texas
7702840749,Beer - Mill St Organic,F,"$6,761.90",Intrigue,Juice - Ocean Spray Kiwi,New York
145630978,Garbage Bags - Clear,F,"$8,915.17",Tribute,Energy Drink - Redbull 355ml,Ohio
1909626465,Dried Figs,F,"$1,098.84",Yukon XL 1500,Liqueur - Melon,New Jersey
3830091656,Wine - Magnotta - Pinot Gris Sr,M,"$1,569.51",Q,Sauce - Caesar Dressing,Florida
9778993890,Bread - Granary Small Pull,M,"$3,870.23",M-Class,"Beef - Tongue, Fresh",Florida
323186718,Pork Casing,F,"$6,997.56",Suburban 1500,Pepper - Green Thai,Iowa
6082063341,Cauliflower,F,"$8,548.42",GX,Bagelers - Cinn / Brown,Florida
9731612394,"Rum - Dark, Bacardi, Black",F,"$8,617.35",Cougar,Butter - Salted,Ohio
1271604450,Monkfish - Fresh,F,"$8,215.14",Mazda3,Coriander - Ground,Alaska
9731112103,Wine - Hardys Bankside Shiraz,M,"$1,016.43",Rogue,Beef - Sushi Flat Iron Steak,Missouri
9126200554,Chicken Breast Halal,M,"$6,802.67",LS,Cake - French Pear Tart,Connecticut
5923259796,Lid Coffee Cup 8oz Blk,F,"$9,939.06",Firebird,"Pineapple - Canned, Rings",District of Columbia
4237337146,"Rum - Spiced, Captain Morgan",F,$788.10,1500,"Doilies - 8, Paper",Colorado
2520251123,Apple - Royal Gala,M,"$6,878.05",S-Class,Beef Dry Aged Tenderloin Aaa,California
6185766353,Pastry - Cheese Baked Scones,M,"$6,308.94",Magnum,Gherkin - Sour,New Mexico
1708812148,Muffin - Bran Ind Wrpd,F,"$6,667.80",Forester,Vol Au Vents,New York
4198025479,The Pop Shoppe - Lime Rickey,M,"$7,459.16",Accord,Shrimp - 150 - 250,Texas
510062911,Muffin Batt - Blueberry Passion,F,"$6,227.26",Loyale,"Turnip - White, Organic",Virginia
286208555,Beans - Yellow,F,$175.11,Genesis Coupe,Shrimp - 31/40,Texas
8740676714,Sauce - Mint,F,"$6,496.26",CR-V,"Wine - Red, Metus Rose",Maryland
2520039345,"Fish - Atlantic Salmon, Cold",F,"$1,659.31",Gemini,Chocolate Eclairs,Alabama
5977743343,"Mushroom - Shitake, Dry",M,"$1,467.38",Galant,Longos - Chicken Wings,Texas
846313529,Dish Towel,F,"$2,770.67",2500,"Bread - Roll, Soft White Round",Illinois
809115921,Ice Cream Bar - Oreo Sandwich,M,"$4,868.94",Forester,"Crab - Dungeness, Whole, live",Georgia
91603617,Milk - 1%,M,"$9,140.52",Camry Solara,Wine - Gewurztraminer Pierre,Tennessee
6982032698,"Wine - White, Chardonnay",M,"$9,234.04",Camaro,"Cup - 6oz, Foam",California
3931948641,Chicken - Soup Base,F,$155.80,Borrego,Wine - Pinot Noir Mondavi Coastal,New York
8790316274,Cafe Royale,M,"$7,335.59",Protege,Raspberries - Frozen,Washington
7052011905,Pepper - Gypsy Pepper,F,"$9,955.85",Camry Solara,Napkin - Beverage 1 Ply,Tennessee
7153257683,Sugar - White Packet,M,"$7,830.33",E150,Ham - Black Forest,Ohio
4392676617,Shiro Miso,M,$298.24,Summit,Southern Comfort,Texas
8031096627,Pepper - Cubanelle,F,"$9,955.03",3 Series,Pastry - Butterscotch Baked,Texas
3548884849,Bread - Corn Muffaletta,M,"$7,336.98",S40,Cucumber - Pickling Ontario,Virginia
6413402970,Kaffir Lime Leaves,F,"$7,266.79",Silverado,"Coke - Classic, 355 Ml",Missouri
589201107,"Potatoes - Yukon Gold, 80 Ct",F,"$2,444.44",Forester,Glass Clear 8 Oz,Pennsylvania
8728726022,Sambuca - Ramazzotti,M,"$9,563.72",GTO,"Butter - Salted, Micro",Iowa
926208799,"Cheese - Brie, Cups 125g",M,"$3,029.22",Parisienne,Cactus Pads,District of Columbia
4307529650,Langers - Ruby Red Grapfruit,M,"$9,830.58",Navigator,Puree - Raspberry,Georgia
3408538212,"Lamb - Loin, Trimmed, Boneless",M,"$8,384.20",SJ 410,Teriyaki Sauce,New Jersey
2733482653,"Mushroom - Shitake, Fresh",M,"$5,281.18",Ram Van 2500,"Bread - Roll, Canadian Dinner",Illinois
1668857685,Cheese - Sheep Milk,M,"$2,903.61",DeVille,Chips Potato All Dressed - 43g,Texas
6055482045,Spinach - Spinach Leaf,M,"$8,536.27",Vandura G1500,Southern Comfort,Texas
4844801708,Tequila - Sauza Silver,M,"$2,469.23",Lightning,Tea - Mint,New York
2999900635,"Fish - Atlantic Salmon, Cold",F,"$4,454.41",Avalon,Nut - Macadamia,Florida
995921903,Beef Dry Aged Tenderloin Aaa,F,"$8,789.73",Ranger,Flour - So Mix Cake White,Colorado
8055847932,Bread - Ciabatta Buns,F,"$5,031.93",599 GTB Fiorano,"Cheese - Romano, Grated",Texas
1972028979,Bread - Corn Muffaleta Onion,M,$245.98,Cherokee,Appetizer - Southwestern,Virginia
6536341503,Oil - Macadamia,M,"$8,450.02",GTI,Curry Paste - Madras,Missouri
719465265,Blackberries,M,"$4,705.68",Commander,Cleaner - Lime Away,District of Columbia
6706236691,"Rice Pilaf, Dry,package",F,"$2,727.83",Corolla,Goat - Whole Cut,Alabama
537916938,Myers Planters Punch,M,"$7,600.81",90,Tuna - Sushi Grade,Kentucky
37626094,"Salsify, Organic",M,"$1,777.11",Suburban 2500,Herb Du Provence - Primerba,Oregon
8060203002,Catfish - Fillets,F,"$6,193.23",Tucson,"Flour - Corn, Fine",Pennsylvania
441382207,Tea - Black Currant,F,"$5,293.85",E-Series,Sauce - Hoisin,Maryland
3720478157,Salt - Table,M,$635.45,Freestar,Milk Powder,New Mexico
4319845722,Sesame Seed Black,F,"$2,464.32",DBS,Tomato Paste,Texas
1085484025,Wine - Magnotta - Belpaese,M,"$1,944.46",Pajero,Squid Ink,Missouri
1660962595,Turkey Leg With Drum And Thigh,M,"$3,725.86",Explorer Sport Trac,Halibut - Fletches,Illinois
6900987605,Longos - Lasagna Beef,M,"$1,320.40",V40,Muffin - Mix - Creme Brule 15l,Texas
7104184570,Veal - Slab Bacon,F,"$2,901.93",Seville,"Chocolate - Semi Sweet, Calets",Florida
4906357210,"Noodles - Cellophane, Thin",F,"$8,880.26",Sierra 2500,Sole - Iqf,Louisiana
127132171,Cheese - Feta,F,"$5,233.52",XJ Series,Pepper - Sorrano,New Mexico
7740133620,Carbonated Water - Orange,M,"$9,239.59",Tahoe,Wine - Magnotta - Bel Paese White,Florida
1159088012,"Wine - White, French Cross",F,$158.16,09-mar,Bread - Bistro Sour,Florida
617449813,Pastry - Butterscotch Baked,F,"$9,870.00",Prelude,"Lobster - Tail, 3 - 4 Oz",Connecticut
8418164263,Muffin Batt - Ban Dream Zero,M,"$1,108.31",Ram Van 2500,Cake - Dulce De Leche,New York
7869151882,Beer - Tetleys,F,"$8,955.58",Accent,"Beans - Black Bean, Dry",Florida
2339471958,Potatoes - Fingerling 4 Oz,F,$212.13,QX,Chocolate - Milk,Hawaii
1627948112,"Napkin - Cocktail,beige 2 - Ply",F,"$1,395.00",Corvette,Roe - Flying Fish,Iowa
4761880929,Napkin White,M,"$3,638.03",Cougar,Bulgar,New York
6379845763,Herb Du Provence - Primerba,M,"$8,152.87",Sentra,"Pepper - Green, Chili",Iowa
4643079630,Pie Shells 10,M,"$5,611.33",Sportage,Apples - Sliced / Wedge,Arizona
9085292174,Cheese - Fontina,F,"$1,566.74",ZDX,Dikon,Utah
1782806822,Sausage - Breakfast,M,"$9,178.94",SC,Chocolate - Liqueur Cups With Foil,Ohio
5988096883,Dasheen,F,"$2,787.32",Diamante,Bread Base - Toscano,Florida
7406192916,Pectin,M,$244.99,R-Class,"Beef - Bones, Marrow",Kansas
7169281260,"Trout - Rainbow, Frozen",F,"$7,342.20",Accord,Energy - Boo - Koo,California
8094133716,Veal - Osso Bucco,F,"$7,583.58",S60,"Marjoram - Dried, Rubbed",California
9147661143,Tea - Camomele,M,"$9,508.47",MPV,Beef - Sushi Flat Iron Steak,New York
6739517452,Longos - Cheese Tortellini,M,$182.26,F250,Capers - Pickled,Texas
4461353885,Gatorade - Cool Blue Raspberry,M,"$7,109.66",Focus,Hand Towel,North Dakota
9822103204,Oxtail - Cut,M,$333.39,100,Bagel - Everything,Michigan
9830624366,Frangelico,M,"$5,381.29",Navajo,"Wine - Bourgogne 2002, La",Indiana
249659018,Dr. Pepper - 355ml,F,"$7,218.99",Town & Country,"Veal - Brisket, Provimi, Bone - In",California
3097509941,Muffin - Mix - Creme Brule 15l,F,"$9,684.59",Grand Prix,Guava,Oregon
2752543816,Tomato Puree,F,"$9,430.97",Taurus,Wine - Sauvignon Blanc Oyster,Texas
1992172714,Sauce Tomato Pouch,M,"$3,618.77",CTS,Bread - White Epi Baguette,Oregon
9425695318,Cookies Oatmeal Raisin,M,$554.55,Soul,"Rum - Coconut, Malibu",California
3493531826,Pasta - Orecchiette,M,"$7,312.34",Magnum,"Soup - Beef, Base Mix",Virginia
2564851428,Bread Crumbs - Panko,M,"$7,840.00",Solara,Wine - Acient Coast Caberne,Florida
1640524371,Nescafe - Frothy French Vanilla,F,"$6,816.77",Sephia,Island Oasis - Pina Colada,Alabama
8167244520,Flavouring - Raspberry,F,"$7,177.36",E-Class,"Napkin - Dinner, White",Arizona
7061644931,"Brocolinni - Gaylan, Chinese",M,"$2,286.53",Express 2500,Bread - Sour Sticks With Onion,Oklahoma
5795835013,Garlic,F,"$9,450.05",Corolla,"Lemonade - Island Tea, 591 Ml",Iowa
3642266886,Oysters - Smoked,M,"$3,461.84",612 Scaglietti,Orange - Blood,Indiana
1267790334,Pepper - Sorrano,F,"$1,156.45",Accord,Tray - 12in Rnd Blk,Nevada
8810602218,Wine - Prosecco Valdobiaddene,F,"$8,851.67",Tacoma,Pork Ham Prager,Connecticut
5174580341,Hummus - Spread,F,"$4,336.81",Kizashi,Horseradish Root,Illinois
8950981076,Tamarind Paste,F,"$6,943.67",M5,Cake - Bande Of Fruit,South Carolina
3728541370,Numi - Assorted Teas,F,"$4,496.00",7 Series,Energy Drink Bawls,Ohio
1736874225,Glucose,F,"$3,670.68",Cayman,Maintenance Removal Charge,District of Columbia
9533806184,"Roe - Lump Fish, Black",F,"$2,616.55",Sentra,Jolt Cola - Red Eye,Florida
698486714,Appetizer - Asian Shrimp Roll,F,"$7,143.86",Jetta,Isomalt,California
8033214554,Tea - Grapefruit Green Tea,M,"$9,933.09",Carrera GT,Crackers - Water,Kansas
2998554318,Sorrel - Fresh,F,$153.68,Phantom,"Red Snapper - Fresh, Whole",Oklahoma
241949114,Wine - Tribal Sauvignon,F,"$4,122.01",Sebring,Soup - Campbellschix Stew,District of Columbia
5861324174,Rolled Oats,F,$118.08,Continental,Island Oasis - Pina Colada,Indiana
1637784791,Tart - Lemon,M,"$4,509.81",Sienna,Beer - Camerons Auburn,Texas
8356624487,Chips Potato Swt Chilli Sour,F,"$5,918.14",928,Orange - Blood,Colorado
8389940582,"Cup - 6oz, Foam",M,"$1,703.37",Town & Country,"Crab - Blue, Frozen",Ohio
5498696426,"Marsala - Sperone, Fine, D.o.c.",F,"$6,367.08",LS,Crawfish,Wisconsin
5918544682,Piping Jelly - All Colours,F,"$4,496.03",Typ-1,Scallops 60/80 Iqf,California
6727558914,French Pastries,M,$585.39,Stylus,Cookies - Assorted,California
7872791471,Crab - Meat,M,"$5,855.34",Tahoe,Flour - Bread,Texas
9135174986,Lid - 16 Oz And 32 Oz,F,"$3,603.98",Maxima,Wild Boar - Tenderloin,New York
9298773641,Chocolate - Semi Sweet,F,"$9,372.08",Sable,Wine - Magnotta - Belpaese,California
2823736204,Tahini Paste,F,"$4,119.15",Mariner,Apples - Sliced / Wedge,Michigan
3759809839,Shiro Miso,M,$536.80,E-Series,Cheese - Goat With Herbs,Ohio
5174187755,"Arctic Char - Fresh, Whole",F,"$7,492.77",S10,Wine - Pinot Grigio Collavini,Alabama
4192164361,Scampi Tail,F,"$7,944.55",Stratus,"Lettuce - Romaine, Heart",Idaho
6078646303,Cabbage - Red,M,"$3,250.36",Rio,Vinegar - Balsamic,Ohio
731405005,Sauce - Caesar Dressing,F,"$5,228.90",Grand Marquis,Beer - Mcauslan Apricot,Missouri
8297199223,Bread - Corn Muffaleta Onion,M,"$7,141.62",MX-6,Chicken Breast Halal,New Jersey
6140187109,Mince Meat - Filling,M,"$1,436.63",645,Vinegar - White,Washington
8782611165,Peas Snow,M,"$2,012.93",Dakota,Chocolate - Unsweetened,Alabama
4904273168,Wine - Chateau Bonnet,M,"$4,826.72",SVX,Baking Powder,Louisiana
9302923614,Kippers - Smoked,M,"$1,573.51",Ram Van 2500,V8 Splash Strawberry Kiwi,District of Columbia
3816098630,Wasabi Powder,F,$683.60,Corolla,Wooden Mop Handle,District of Columbia
4759992499,"Lid - 10,12,16 Oz",M,"$2,129.93",Suburban 1500,"Beef - Chuck, Boneless",New York
7198247083,Snapple - Iced Tea Peach,M,"$3,876.11",Rio,Napkin White - Starched,Pennsylvania
5466907634,"Syrup - Monin, Irish Cream",F,"$3,437.38",G6,Versatainer Nc - 888,Florida
4045816984,Muffin Mix - Oatmeal,F,"$3,932.38",New Beetle,Tuna - Salad Premix,New York
2807544142,"Veal - Inside Round / Top, Lean",M,"$1,587.02",X-Type,Thyme - Fresh,Texas
8501580589,Bar Energy Chocchip,M,"$4,762.83",Camaro,Beef - Texas Style Burger,Texas
491282028,Tea - Herbal I Love Lemon,M,"$8,351.37",RX-7,Sprouts - Onion,Ohio
8834341422,Wine - Penfolds Koonuga Hill,M,"$1,091.48",GTI,Cheese - La Sauvagine,Pennsylvania
8461595505,Appetizer - Shrimp Puff,M,"$3,059.49",Integra,Foam Espresso Cup Plain White,Washington
3688394399,Corn Meal,M,"$2,187.32",Sportage,Truffle Cups - Red,Nevada
503594040,Sultanas,F,"$3,963.46",Vega,Pastry - Butterscotch Baked,Kentucky
1963018478,"Tart Shells - Sweet, 2",M,"$5,210.28",Discovery,Cranberries - Dry,Iowa
9531747555,Chocolate - Dark Callets,M,"$1,964.72",Viper,Veal - Provimi Inside,California
4366959011,"Wine - White, Riesling, Semi - Dry",M,$613.00,F150,Sesame Seed Black,Texas
5484025419,Cocoa Powder - Dutched,M,"$7,564.83",CLS-Class,Lotus Root,Illinois
8044940456,"Rum - White, Gg White",F,"$3,767.23",Ranger,Octopus,Pennsylvania
4004976316,"Lemonade - Black Cherry, 591 Ml",F,"$4,045.09",Matrix,Spring Roll Wrappers,Texas
9792962107,"Doilies - 12, Paper",M,"$6,589.17",Grand Marquis,Sauce - Hollandaise,New Hampshire
9863207187,Bandage - Flexible Neon,F,"$2,450.80",MX-6,Sour Puss Raspberry,Idaho
4865516441,Wine - Manischewitz Concord,F,"$1,297.42",Q7,Chocolate - Compound Coating,Ohio
4153935883,Bag - Regular Kraft 20 Lb,F,"$3,193.93",Golf,The Pop Shoppe - Cream Soda,Delaware
7113225306,Shrimp - Black Tiger 26/30,M,$262.29,Xterra,Muffin - Zero Transfat,Texas
3608080279,Herb Du Provence - Primerba,F,"$4,668.28",Mazda6,"Pasta - Cannelloni, Sheets, Fresh",Louisiana
195009010,"Melon - Watermelon, Seedless",M,$933.34,Sierra 3500,Chip - Potato Dill Pickle,Florida
4338646055,Squid Ink,F,"$1,531.41",Rapide,Wine - Marlbourough Sauv Blanc,Texas
7622665576,Nantucket - Kiwi Berry Cktl.,F,"$8,351.37",Leaf,"Veal - Inside, Choice",Virginia
3618613776,Crush - Cream Soda,F,"$2,539.87",RL,Pork - Ham Hocks - Smoked,New York
8724613398,Puree - Mocha,F,"$2,321.50",Mazda6,Beans - Green,Indiana
2772512029,Veal - Inside,M,"$8,910.99",Prelude,Wine - White Cab Sauv.on,Nebraska
1685907660,Egg - Salad Premix,M,"$1,587.22",Veloster,Wine - Vineland Estate Semi - Dry,Michigan
8981264651,Bagelers - Cinn / Brown,F,"$4,492.89",MX-5,"Flour - Corn, Fine",Ohio
3166869832,Oven Mitt - 13 Inch,F,"$7,956.09",Matrix,Beer - Labatt Blue,Texas
4211948253,Prunes - Pitted,F,"$8,292.70",Mazda6,Chocolate - Dark Callets,California
4912376752,Beef - Texas Style Burger,F,"$5,469.15",Accent,Juice - V8 Splash,Pennsylvania
1227521227,"Bread - Dark Rye, Loaf",M,"$3,846.31",C70,"Bread - Multigrain, Loaf",Florida
8935363561,Miso - Soy Bean Paste,M,"$3,118.02",Grand Prix,"Cod - Salted, Boneless",Georgia
1345409338,"Nut - Walnut, Pieces",M,"$9,564.42",Suburban 2500,Cakes Assorted,Kansas
2056115654,"Jam - Marmalade, Orange",F,"$2,011.43",Corvair,Garbage Bag - Clear,Texas
9752440525,"Chicken - White Meat, No Tender",M,"$3,015.89",H2,Island Oasis - Peach Daiquiri,Alabama
1012985741,Seedlings - Clamshell,M,"$8,349.11",Taurus,"Syrup - Monin, Swiss Choclate",West Virginia
1732352682,"Jam - Raspberry,jar",F,"$2,304.24",Intrepid,"Bread - Roll, Italian",Texas
9295847490,Dish Towel,F,"$8,732.33",Lanos,Cheese - Swiss Sliced,Texas
2649678720,Tamarind Paste,M,"$2,939.02",Sierra 2500HD,Cheese - Cream Cheese,California
979746744,"Oil - Olive, Extra Virgin",F,"$9,136.91",GTO,Bread - Bistro White,Indiana
7158640078,Wine - Pinot Noir Latour,F,"$6,837.54",850,Savory,California
47771836,"Doilies - 12, Paper",F,"$3,821.63",Lancer,Pastry - Banana Tea Loaf,Ohio
3170291769,"Wine - Red, Lurton Merlot De",F,"$3,996.65",Suburban 1500,"Vermouth - White, Cinzano",Texas
5508238255,Tarragon - Fresh,F,"$7,543.39",Challenger,Pepper - Green,California
8653727191,Peas - Frozen,M,$662.21,XL7,Chocolate - White,Missouri
2394349972,Cream - 35%,F,"$8,298.43",Savana 3500,"Nut - Walnut, Pieces",Mississippi
8201137574,Energy Drink - Redbull 355ml,F,"$7,209.72",Yukon XL 1500,Clam - Cherrystone,California
7379568531,"Wine - Red, Cabernet Sauvignon",F,"$2,849.85",Prius,Tea - Jasmin Green,West Virginia
1896255051,Shrimp - Black Tiger 16/20,F,"$6,524.03",Grand Prix,Sprouts - Corn,Minnesota
9958957965,Soup - Campbells Asian Noodle,F,"$9,535.73",Express 3500,Bread - French Stick,California
1539406407,Pastry - Mini French Pastries,M,"$3,273.34",G6,"Doilies - 10, Paper",South Carolina
5286579213,Flour - Strong,F,"$1,586.32",626,Cleaner - Lime Away,New Mexico
7920598362,Beans - French,F,"$4,888.91",Q5,Yucca,Connecticut
952033712,"Soup - Campbells, Classic Chix",M,"$5,741.37",Grand Caravan,Tomato Puree,Missouri
2727611749,Mushroom - Portebello,M,"$6,988.01",Sonata,Kippers - Smoked,District of Columbia
3909810713,Raspberries - Frozen,M,"$7,274.91",Justy,"Pepper - Black, Whole",Illinois
1839369787,Wine - Remy Pannier Rose,F,"$7,197.33",Tracker,Bandage - Finger Cots,Texas
9076146292,Tamarillo,F,"$5,485.11",Amanti,"Butter - Salted, Micro",Kentucky
9702431573,Sauce - Ranch Dressing,F,$0.12,Ram 1500,Frangelico,New York
4854900067,"Pasta - Penne Primavera, Single",F,"$2,016.06",Integra,Scallops - Live In Shell,Florida
834987880,Paper - Brown Paper Mini Cups,M,$274.94,Cooper,Turnip - Wax,Tennessee
4275329619,Beer - Moosehead,F,"$9,860.38",1500 Club Coupe,"Soup - Campbells, Butternut",Virginia
1247825833,Sauce - Demi Glace,F,"$9,134.94",G6,Beef - Flank Steak,New York
2371592323,Bread - Ciabatta Buns,M,"$3,475.73",MX-5,Bagel - Everything Presliced,Texas
1079596631,Butter Balls Salted,F,"$8,616.85",Ghost,Beer - Creemore,Virginia
5811298889,Sponge Cake Mix - Vanilla,M,$714.14,Prelude,"Coconut - Shredded, Unsweet",Michigan
6423568421,Foil Wrap,F,"$1,309.94",Park Avenue,"Veal - Leg, Provimi - 50 Lb Max",Connecticut
3419800983,Wine - Valpolicella Masi,M,"$8,143.70",200,Cookies - Fortune,Ohio
1409065480,Lamb Leg - Bone - In Nz,F,"$9,208.94",Z4,Crackers Cheez It,Texas
1070769010,Gingerale - Diet - Schweppes,M,"$6,667.19",Tacoma Xtra,Bread Fig And Almond,Texas
1016891210,Muffin Mix - Chocolate Chip,F,"$7,962.85",Tacoma Xtra,Steampan - Half Size Shallow,Texas
2228087424,Table Cloth 90x90 White,F,"$8,598.72",F250,Oil - Shortening - All - Purpose,Washington
1751478599,Artichokes - Jerusalem,M,"$3,043.20",Continental Super,Bar Nature Valley,California
3479301029,"Oil - Shortening,liqud, Fry",F,$220.12,rio,Lobster - Tail 6 Oz,California
1301566349,Pickle - Dill,F,"$5,355.11",Transit Connect,Soup - Campbells Chicken,California
1877787388,Pancetta,M,"$6,291.06",GS,Paper - Brown Paper Mini Cups,Texas
2922815765,Pears - Bartlett,F,"$2,566.94",Camaro,"Sprite, Diet - 355ml",Texas
9356259437,Wine - Pinot Noir Pond Haddock,F,"$9,100.01",Tiburon,"Peas - Pigeon, Dry",Florida
7982421466,Milk - 1%,M,"$9,540.94",Eclipse,Pastry - Key Limepoppy Seed Tea,Texas
9987112749,"Flour - Corn, Fine",F,"$9,537.97",Grand Marquis,Cheese - Gorgonzola,North Dakota
2864100770,"Beef - Ground, Extra Lean, Fresh",M,"$3,646.68",Mustang,Cheese - Goat,Florida
2052787240,Crab - Imitation Flakes,M,"$3,567.87",Savana 2500,Beans - Fava Fresh,Utah
7101802125,Drambuie,F,$445.69,Impala,Dried Apple,Oklahoma
5011981908,"Capon - Breast, Double, Wing On",F,$358.56,Continental Mark VII,"Lamb - Leg, Diced",Florida
9584714376,"Oregano - Dry, Rubbed",F,"$7,547.97",Precis,"Plate - Foam, Bread And Butter",Indiana
7817965242,"Pasta - Rotini, Colour, Dry",M,"$4,955.36",1500 Club Coupe,Seaweed Green Sheets,Illinois
5671636329,Tea - Green,M,"$9,500.49",Mustang,Truffle - Peelings,Texas
1819304108,Scallops - 10/20,M,"$9,954.37",Taurus,Vinegar - Sherry,District of Columbia
4016217997,Muffin Mix - Lemon Cranberry,M,"$6,509.07",PT Cruiser,Tuna - Salad Premix,Colorado
1545732353,Whmis - Spray Bottle Trigger,F,"$2,605.26",911,Longan,Georgia
9821626645,Ostrich - Prime Cut,F,"$7,364.33",M3,"Beef - Roasted, Cooked",Pennsylvania
1058501666,Pork - Bones,M,"$4,483.54",Yukon,Garbage Bags - Clear,Florida
183048768,Raisin - Golden,M,"$7,088.50",Metro,Food Colouring - Orange,Alabama
5864296031,Tuna - Sushi Grade,M,"$4,342.36",Bonneville,Temperature Recording Station,Ohio
9724046257,"Seedlings - Buckwheat, Organic",M,"$8,897.22",HHR Panel,Pears - Fiorelle,Kentucky
5491517305,Salt And Pepper Mix - White,F,"$8,561.28",4Runner,"Bar Mix - Pina Colada, 355 Ml",Virginia
6215592889,"Coffee - Beans, Whole",M,"$9,951.83",CR-V,Pork - Bacon Cooked Slcd,Kentucky
7416748232,Hold Up Tool Storage Rack,F,"$1,211.62",Accent,Syrup - Chocolate,Oklahoma
8785631345,"Tart Shells - Savory, 2",M,"$2,337.44",Miata MX-5,Horseradish Root,Louisiana
7908963676,"Artichoke - Hearts, Canned",F,"$2,153.93",CL,Lemon Balm - Fresh,Florida
9134446818,Basil - Fresh,M,"$9,164.59",Lucerne,Long Island Ice Tea,New York
9829463052,Petit Baguette,M,$459.49,Fit,Gherkin,Missouri
294942807,"Nut - Pecan, Pieces",F,"$5,181.34",Sedona,"Crab - Back Fin Meat, Canned",New York
4894791722,Chinese Foods - Chicken Wing,M,"$6,121.57",G,Tomatoes - Orange,Alabama
678870721,Veal - Loin,F,"$4,690.22",G35,"Yogurt - Cherry, 175 Gr",Massachusetts
5084657272,Truffle Paste,F,$77.43,Camry,Cookie Dough - Chunky,Illinois
3089426668,Pork - Smoked Kassler,M,"$7,666.46",Fleetwood,Steampan - Half Size Shallow,Indiana
1204440794,Cheese - Comte,F,"$8,252.57",LR4,The Pop Shoppe - Black Cherry,Florida
239810007,"Pepper - Chillies, Crushed",M,"$2,720.36",Grand Vitara,Versatainer Nc - 888,New Jersey
1306745284,Wine - Delicato Merlot,F,"$7,882.10",Dakota,Beer - Mcauslan Apricot,Michigan
2855471249,Fennel,M,$950.53,350Z,Bread - Focaccia Quarter,Texas
5609429544,Sterno - Chafing Dish Fuel,M,"$6,722.10",Sportage,"Rosemary - Primerba, Paste",Texas
9701282809,Bread - Corn Muffaletta,F,"$1,288.67",Roadmaster,French Kiss Vanilla,California
5288796467,Mousse - Banana Chocolate,F,"$5,299.26",C-MAX Hybrid,Beets,Nevada
23414405,"Salmon - Smoked, Sliced",F,"$9,597.55",Dakota,Muffin Orange Individual,California
8949347512,Sauerkraut,M,$735.17,Sierra 1500,Cheese - Brick With Pepper,Florida
6942925934,"Rum - Spiced, Captain Morgan",M,"$6,897.48",Patriot,Soup - Campbells Bean Medley,Pennsylvania
8558642524,Blue Curacao - Marie Brizard,F,"$8,767.17",Caravan,Cake - Sheet Strawberry,Ohio
822108615,Apple - Granny Smith,M,"$4,874.64",Corvette,Veal - Eye Of Round,Oklahoma
595332617,Ecolab - Solid Fusion,M,"$7,543.56",W123,Bar Mix - Lime,Georgia
8064934222,Oyster - In Shell,F,"$4,244.26",Accord,Pate Pans Yellow,Pennsylvania
3449584502,Wine - Niagara Peninsula Vqa,F,"$4,931.10",Vandura 2500,Pork - Smoked Back Bacon,California
2202923020,Container - Clear 32 Oz,F,"$5,380.52",EX,Beans - Yellow,District of Columbia
8060332856,"Wine - Red, Mouton Cadet",M,"$3,906.77",X-Type,Papadam,Pennsylvania
4034613947,Bonito Flakes - Toku Katsuo,M,"$3,911.39",Justy,Tart - Butter Plain Squares,Georgia
4048676989,Garbag Bags - Black,M,"$2,417.59",Corolla,Cheese - Brie,District of Columbia
1175885703,Juice - Lemon,F,"$8,746.00",Mustang,Lettuce - Arugula,Texas
8659364805,Puree - Mango,M,$500.24,XK Series,Ecolab - Ster Bac,Alabama
9575626451,"Soup - Campbells, Chix Gumbo",F,$412.86,Suburban 2500,Juice - Cranberry 284ml,Missouri
5069283286,Pie Box - Cello Window 2.5,M,$449.11,Excel,"Lemonade - Mandarin, 591 Ml",Kentucky
951166174,Shortbread - Cookie Crumbs,M,"$1,582.00",Sierra 1500,Wood Chips - Regular,Connecticut
2653659743,Yams,F,"$1,838.61",Cutlass Supreme,Bagel - Plain,Texas
6018222655,"Fish - Soup Base, Bouillon",M,"$3,610.21",S70,Tuna - Bluefin,Georgia
6579986387,Bar Mix - Lemon,F,"$2,289.44",Ranger,"Star Anise, Whole",Illinois
8614613210,"Soup - Knorr, Classic Can. Chili",F,"$2,629.83",Mirage,Pears - Anjou,California
5247013166,Wine - Merlot Vina Carmen,M,$158.06,Grand Vitara,Nutmeg - Ground,Indiana
5251063261,Cake Slab,F,"$1,614.30",Pajero,Nantucket Pine Orangebanana,Indiana
8273288056,Wine - Barossa Valley Estate,F,"$2,811.99",Sierra 2500,Milk - Homo,District of Columbia
3436623792,"Lemonade - Strawberry, 591 Ml",F,"$8,905.08",Oasis,Kiwano,Connecticut
1814165088,Muffin Chocolate Individual Wrap,M,"$2,632.84",Familia,"Pasta - Fett Alfredo, Single Serve",Iowa
6046188865,Sambuca - Opal Nera,F,"$3,462.32",Civic,"Soda Water - Club Soda, 355 Ml",Texas
5982942227,Flour - Teff,F,"$6,204.74",Impala,Cake - Bande Of Fruit,Texas
179594699,Mix - Cocktail Ice Cream,M,"$5,579.73",Savana 2500,Onions - Red,Florida
7266777909,Tart - Raisin And Pecan,M,"$6,781.61",Camry,Wine - Savigny - Les - Beaune,Mississippi
2260266460,Towel - Roll White,M,"$3,624.14",Spectra,Bread Base - Toscano,Kansas
1359510184,"Nut - Almond, Blanched, Whole",M,"$1,381.65",Yukon XL 1500,Puff Pastry - Slab,Minnesota
8329090116,Cardamon Seed / Pod,F,"$6,256.84",Windstar,Pur Source,Pennsylvania
6657643039,Sponge Cake Mix - Chocolate,F,"$1,066.21",Sierra 3500,Bread - White Epi Baguette,Pennsylvania
586022163,"Pasta - Shells, Medium, Dry",M,"$2,622.93",A4,Extract - Rum,Colorado
7327761187,"Fish - Artic Char, Cold Smoked",F,"$8,824.59",924,Dawn Professionl Pot And Pan,Texas
452308097,Wine - Prem Select Charddonany,M,"$9,821.55",Escape,Coriander - Ground,Kentucky
4966859395,"Mustard - Dry, Powder",M,"$2,552.09",Mazda6,Oil - Olive Bertolli,Texas
3193855340,"Red Snapper - Fillet, Skin On",F,"$9,956.59",Azure,Nantuket Peach Orange,Massachusetts
2094489019,Duck - Breast,F,"$3,535.48",Vandura G3500,Oil - Peanut,Texas
1817809636,"Oil - Truffle, Black",F,"$9,605.07",Legacy,Tea - Herbal I Love Lemon,Minnesota
6873853070,Tea Peppermint,M,"$3,065.30",Sienna,"Jam - Blackberry, 20 Ml Jar",California
8914202178,"Beans - Black Bean, Canned",M,"$1,611.61",Ram 1500,Soup - Campbells Chicken,Texas
4931398006,"Lamb - Racks, Frenched",M,"$2,089.15",C70,"Wine - Red, Pinot Noir, Chateau",Virginia
5661713495,Broom And Broom Rack White,F,"$2,971.28",Cabriolet,Corn Kernels - Frozen,Iowa
5382701040,Chivas Regal - 12 Year Old,F,"$4,835.97",Cooper Clubman,"Lid - Translucent, 3.5 And 6 Oz",Alabama
9202544697,Milk - Condensed,M,"$5,272.64",Camaro,"Juice - Grape, White",Texas
1872318622,Fork - Plastic,M,"$3,966.24",Ranger,Pastry - Plain Baked Croissant,Florida
5676550732,Ecolab - Mikroklene 4/4 L,M,"$5,347.00",Sebring,Bouillion - Fish,Georgia
239214234,Foil - 4oz Custard Cup,M,"$6,584.89",QX,"Beans - Fava, Canned",Florida
2918483915,Pimento - Canned,F,"$1,043.22",Town & Country,Onions - Spanish,Florida
1374098639,Tea - Mint,F,"$6,130.63",CLS-Class,Green Scrubbie Pad H.duty,Colorado
8603820627,Vinegar - Red Wine,F,"$4,606.16",Century,Nantuket Peach Orange,Maryland
3892570027,Soup - Verve - Chipotle Chicken,F,"$3,043.56",SC,Tea - Herbal Orange Spice,Florida
7741643215,Shrimp - Prawn,F,"$4,525.97",Breeze,Nescafe - Frothy French Vanilla,Pennsylvania
776883453,French Kiss Vanilla,M,$689.40,62,Wine - Chateau Aqueria Tavel,South Carolina
8000938340,Beets - Mini Golden,F,"$3,069.41",Sorento,"Wine - White, Chardonnay",Mississippi
4851447272,Dish Towel,F,"$8,770.75",Rio,Butter - Pod,New York
1791978517,Ecolab Silver Fusion,F,"$3,522.95",Montero,Crackers - Graham,Missouri
7224863610,Table Cloth 81x81 White,M,"$4,655.68",Golf,Breadfruit,Ohio
7475643204,Wine - Soave Folonari,M,"$7,414.12",Pilot,Ecolab - Power Fusion,Illinois
2079504061,Scallops - Live In Shell,M,"$5,835.71",XJ Series,Canada Dry,District of Columbia
8247051761,Southern Comfort,F,"$2,493.21",Firefly,Table Cloth 91x91 Colour,Nevada
1929606591,Kahlua,M,$392.43,XJ,Beer - Corona,North Carolina
3969962927,"Oil - Olive, Extra Virgin",M,"$5,157.71",Lancer,Steampan - Foil,Georgia
5166646126,Chick Peas - Dried,M,"$7,845.77",Daewoo Lacetti,Soup Campbells - Tomato Bisque,California
2635704627,Wine - Lou Black Shiraz,F,"$6,844.17",Optima,The Pop Shoppe Pinapple,Michigan
2484461224,Pork - Liver,M,$893.62,Elantra,Tuna - Loin,Illinois
4320758188,Fib N9 - Prague Powder,M,"$7,030.52",MKX,Icecream - Dstk Cml And Fdg,Florida
6722999297,Pumpkin - Seed,F,"$4,117.33",Avalon,Shiro Miso,Texas
7365095520,Food Colouring - Pink,F,"$6,959.68",SJ,Wine - Chardonnay South,Virginia
9767554491,Corn - Mini,F,"$3,006.00",Continental Flying Spur,Banana Turning,Ohio
8038275039,"Marjoram - Dried, Rubbed",F,"$8,748.85",Suburban 1500,Bacardi Limon,Colorado
9123996463,Muffin - Mix - Creme Brule 15l,F,"$5,485.61",Avalon,Flour - Pastry,Utah
8286250966,Chick Peas - Dried,F,"$8,881.32",S-Class,Buffalo - Short Rib Fresh,Florida
6745068540,Mini - Vol Au Vents,F,"$9,140.13",Club Wagon,Gooseberry,Washington
1811021387,"Veal - Chops, Split, Frenched",F,"$6,998.85",3500,Pastry - Mini French Pastries,Texas
3269607946,Oil - Safflower,F,"$5,131.33",Sierra 3500,Cilantro / Coriander - Fresh,Texas
5304516834,Wine - Redchard Merritt,F,"$9,926.33",Elantra,Soupcontfoam16oz 116con,Florida
6412086528,Lettuce - Baby Salad Greens,M,$27.27,Frontier,"Lemonade - Island Tea, 591 Ml",California
805752153,"Chilli Paste, Hot Sambal Oelek",M,"$3,768.38",H1,Water - Evian 355 Ml,Virginia
340329793,Hand Towel,F,"$9,637.26",rio,Bread Crumbs - Japanese Style,Virginia
7976142933,Chocolate Bar - Smarties,M,"$2,717.37",Lancer,Mustard - Pommery,Colorado
3793569268,Pie Filling - Cherry,F,"$1,272.58",4Runner,Dates,District of Columbia
6027811781,Nantucket Orange Juice,M,$104.65,200SX,Glycerine,Pennsylvania
9416438383,Appetizer - Chicken Satay,M,"$7,132.25",90,Wine - Tio Pepe Sherry Fino,Colorado
8289857780,Juice Peach Nectar,F,"$6,826.60",Celica,Soup V8 Roasted Red Pepper,Texas
5512770349,The Pop Shoppe - Cream Soda,F,"$1,506.70",Sierra 3500,Quail Eggs - Canned,Texas
4480763309,Beer - Blue,F,"$1,205.30",F-250 Super Duty,Wine - Spumante Bambino White,New York
4116757357,Appetizer - Chicken Satay,F,"$7,205.42",A6,Sour Cream,Florida
1373346264,Chicken - Tenderloin,F,"$4,906.05",Sable,"Wine - Red, Gallo, Merlot",New York
6024844956,Salami - Genova,F,"$2,316.79",Navigator L,Scallops - In Shell,Texas
2744347612,Nut - Pumpkin Seeds,M,$585.18,Previa,"Schnappes - Peach, Walkers",Oregon
4034572825,"Soup - Campbells, Classic Chix",F,"$4,969.96",3500,Pears - Bosc,Tennessee
5345434867,Silicone Paper 16.5x24,M,"$2,022.26",Quest,Coffee - Cafe Moreno,District of Columbia
9237960387,Breadfruit,M,"$6,509.92",NV3500,Tea - Herbal I Love Lemon,Virginia
3015637339,Flower - Commercial Spider,M,"$6,014.80",Sequoia,Cardamon Seed / Pod,Massachusetts
9235529050,Shrimp - 31/40,M,"$9,141.11",Corolla,Eggplant - Baby,Illinois
3501608381,Steel Wool S.o.s,F,"$3,103.86",MKS,Beef - Ground Medium,Texas
7355750054,Creme De Cacao Mcguines,F,"$7,662.01",Rendezvous,Chicken Breast Wing On,North Carolina
5751754581,"Chilli Paste, Sambal Oelek",F,"$1,487.86",CX-9,"Vodka - Hot, Lnferno",California
1548986976,Glass Clear 7 Oz Xl,M,$656.40,Taurus,Buffalo - Striploin,Nevada
693459867,Garlic - Peeled,F,"$3,929.41",900,Garbag Bags - Black,District of Columbia
5208633140,Jerusalem Artichoke,M,"$6,149.58",Coupe GT,Beer - Labatt Blue,Illinois
8239894763,Bread - Assorted Rolls,F,"$2,934.65",M-Class,Ecolab Digiclean Mild Fm,Virginia
2047968550,Nescafe - Frothy French Vanilla,F,"$3,368.31",Taurus,Sauce - Cranberry,Michigan
5207158031,Transfer Sheets,F,"$1,013.03",LS,Cheese - St. Paulin,Colorado
6029941992,Beans - Fine,F,"$4,986.97",Grand Am,Wine - Tio Pepe Sherry Fino,Florida
7853029829,Onions - Vidalia,M,$244.25,Aerio,"Wine - White, Riesling, Henry Of",Oregon
9321993614,Quail - Jumbo Boneless,F,"$2,784.57",BRZ,Cheese - St. Andre,Florida
8132082737,"Fish - Scallops, Cold Smoked",F,"$4,686.83",599 GTB Fiorano,Aspic - Clear,Alabama
3272145087,Bowl 12 Oz - Showcase 92012,F,"$7,334.94",Celica,Yogurt - French Vanilla,Utah
8200022412,Foie Gras,M,"$9,117.96",Prizm,Red Pepper Paste,Alabama
4489450036,"Nut - Hazelnut, Ground, Natural",M,"$2,275.07",Explorer,"Wine - Niagara,vqa Reisling",Texas
875661904,Wine - Acient Coast Caberne,M,"$3,294.04",A8,Nacho Chips,Illinois
769018300,Muffin Chocolate Individual Wrap,F,"$4,793.62",Frontier,Appetizer - Veg Assortment,Alabama
7089978702,Wine - Vineland Estate Semi - Dry,M,"$9,705.14",Esprit,Scallops 60/80 Iqf,California
5310387692,Sobe - Berry Energy,F,$516.25,Sonoma,Soup - Verve - Chipotle Chicken,Virginia
77728661,Ice Cream - Fudge Bars,F,$736.02,Accent,Wine - Penfolds Koonuga Hill,New York
1672676088,Petit Baguette,M,"$1,887.61",4Runner,Irish Cream - Butterscotch,Colorado
6960957818,"Veal - Tenderloin, Untrimmed",M,$617.33,RSX,Pernod,Texas
1380035368,Lettuce - Boston Bib - Organic,F,"$5,186.37",Avenger,Onions Granulated,Pennsylvania
9755848231,"Beans - Black Bean, Preserved",M,"$8,616.32",Corvette,Milk - Skim,Kentucky
6419712815,"Shrimp - Baby, Warm Water",F,"$6,321.35",Taurus,Lighter - Bbq,Washington
3538332576,Corn Meal,F,"$9,249.24",C-Class,"Crush - Orange, 355ml",Arizona
972339132,Olives - Stuffed,M,"$7,950.71",S-Type,Ecolab - Medallion,Arizona
3553624213,Cotton Wet Mop 16 Oz,M,"$9,349.97",Avalanche 1500,Spinach - Frozen,Florida
5508960546,Sugar - Icing,M,"$5,572.87",Transit Connect,Beer - Guiness,New Mexico
1868080943,Edible Flower - Mixed,F,"$8,686.77",Tracer,Cranberries - Fresh,Indiana
5654589504,"Mushroom - Trumpet, Dry",F,"$7,650.49",MPV,"Soup - Campbells, Minestrone",Texas
157021122,Gatorade - Xfactor Berry,F,$89.12,Mustang,Cloves - Whole,Florida
2914635907,V8 Splash Strawberry Banana,F,"$9,595.44",LX,Scotch - Queen Anne,California
9534945382,Pork - Kidney,F,"$9,112.58",Liberty,Filter - Coffee,Missouri
238928918,Milk - 1%,F,"$6,197.74",Town Car,Cape Capensis - Fillet,Kansas
2953277595,"Bread - Pita, Mini",M,"$7,403.77",E150,Soup - Chicken And Wild Rice,Texas
4303523291,Pastry - Chocolate Chip Muffin,M,"$1,696.65",E150,Papayas,Kentucky
7319534363,Cheese - Perron Cheddar,M,"$3,281.07",Cayenne,"Crab - Back Fin Meat, Canned",Massachusetts
960256288,Tea - Green,M,"$3,010.98",Corvette,Chinese Foods - Chicken,New Hampshire
7371051211,Dasheen,F,"$1,043.32",Lancer Evolution,"Chocolate - Pistoles, Lactee, Milk",Alaska
5922787802,"Shrimp - Baby, Warm Water",M,"$8,127.31",X-90,Apricots Fresh,Alabama
7340893253,Halibut - Steaks,F,"$2,790.13",Explorer Sport,Island Oasis - Banana Daiquiri,North Carolina
9726829380,Eggplant Oriental,M,"$9,987.16",Bronco II,Pork - Side Ribs,California
4663200680,"Lettuce - Romaine, Heart",M,"$2,518.51",A5,Tilapia - Fillets,Texas
3508855317,"Pasta - Cannelloni, Sheets, Fresh",M,"$2,945.82",SL-Class,Wine - Chateau Timberlay,Colorado
9612809011,Beef - Short Loin,F,"$9,621.40",Silverado 1500,Squash - Acorn,Minnesota
8947573736,Pepper - Scotch Bonnet,F,"$5,135.02",Sierra 1500,Lumpfish Black,District of Columbia
3713157928,Longos - Chicken Curried,M,"$1,225.19",Windstar,Sobe - Lizard Fuel,Nevada
1357792557,Juice - Propel Sport,M,$560.19,Outlook,"Vodka - Hot, Lnferno",Oklahoma
7147326121,Veal - Ground,M,"$8,424.03",Continental,Almonds Ground Blanched,Virginia
6494522602,Beef - Sushi Flat Iron Steak,M,"$4,397.27",Defender 90,Lemon Tarts,New Jersey
7911418381,Onion Powder,F,"$6,056.15",LR2,"Veal - Brisket, Provimi, Bone - In",Texas
710917422,Hog / Sausage Casing - Pork,M,$232.36,Envoy,Wasabi Powder,Massachusetts
5960257998,Soup Campbells,M,"$8,978.87",A5,Mayonnaise,Louisiana
2029965251,Rabbit - Legs,M,"$4,762.25",2500,"Bread - Rolls, Corn",Missouri
1374473863,Pepper - Scotch Bonnet,F,"$1,033.61",525,Juice - Mango,New York
5407933373,Cardamon Seed / Pod,M,"$8,948.67",LUV,Ice Cream - Fudge Bars,Texas
1416442006,Rabbit - Saddles,M,"$7,920.24",Neon,Wine - Mondavi Coastal Private,Virginia
2825943827,Swiss Chard - Red,F,"$5,776.54",H1,Cup - 4oz Translucent,Kentucky
9086200397,Stainless Steel Cleaner Vision,M,"$4,266.14",Corvette,Poppy Seed,Kansas
1715505212,Beets,F,"$5,467.79",Element,"Chicken - White Meat, No Tender",Georgia
8733001456,Oven Mitts - 15 Inch,F,"$3,785.49",Outlander,Nescafe - Frothy French Vanilla,Texas
7362497075,Cookie Double Choco,M,"$4,283.30",Defender,Olives - Stuffed,California
7135232968,Wine - Cave Springs Dry Riesling,M,"$8,652.77",Spectra,"Capon - Breast, Wing On",Ohio
8458103524,"Wine - Red, Harrow Estates, Cab",F,"$1,835.15",400SEL,"Beef - Kindney, Whole",Indiana
1155470982,Beer - Original Organic Lager,F,"$4,576.52",LS,Wine - Ruffino Chianti Classico,California
2645527272,Hand Towel,F,"$8,247.04",Ram Van B250,"Cake Circle, Paprus",Minnesota
6092060566,Beans - Butter Lrg Lima,F,$782.76,Viper,Bar Mix - Lemon,Pennsylvania
6809903216,Oven Mitts 17 Inch,F,"$9,618.95",Corvette,Salt - Sea,California
651544645,"Soup - Campbells, Minestrone",M,"$5,086.72",CR-V,Cheese - Cambozola,Oklahoma
5076006438,"Wine - Red, Mouton Cadet",M,"$6,025.94",Tribute,"Capon - Breast, Double, Wing On",South Carolina
9891970256,Beef - Striploin,F,"$5,435.92",Spectra,Pastry - Baked Cinnamon Stick,California
744400368,"Chicken - Thigh, Bone In",F,"$6,687.38",Safari,Chicken - Livers,California
912574437,Cheese - Victor Et Berthold,F,"$6,682.84",Crown Victoria,Flour - Rye,Illinois
2360934546,Grouper - Fresh,M,"$7,862.33",Entourage,"Lentils - Green, Dry",Missouri
2760334775,"Nut - Walnut, Chopped",M,"$6,580.79",F250,"Pasta - Tortellini, Fresh",Maryland
8911323225,"Wine - Red, Lurton Merlot De",M,"$2,237.41",Sierra 3500,Soup - Campbellschix Stew,Tennessee
278909159,Beef - Striploin Aa,M,"$4,005.37",Ram 2500 Club,"Artichokes - Knobless, White",New Hampshire
3168061735,"Pepper - White, Whole",F,"$2,085.00",LeBaron,Table Cloth 54x72 Colour,Virginia
664276555,"Lemonade - Strawberry, 591 Ml",M,"$7,204.32",Civic,Sauce - Oyster,Texas
9914757677,Parsley Italian - Fresh,F,$32.58,Sportage,Cranberries - Dry,Georgia
443512256,Oil - Sunflower,F,"$7,451.24",Z4 M,Beer - Original Organic Lager,New York
590436600,Wine - Riesling Alsace Ac 2001,F,"$4,204.45",F350,Quail - Jumbo Boneless,District of Columbia
763636800,Food Colouring - Blue,F,"$3,729.63",Accent,Longos - Burritos,New York
8124111529,Bacardi Raspberry,F,"$4,102.32",Neon,Water - Spring 1.5lit,Tennessee
4439752853,Longos - Cheese Tortellini,M,"$9,325.03",C-Class,Mangoes,New York
7010450595,Wine - Piper Heidsieck Brut,F,"$5,201.65",Impreza,Lady Fingers,Texas
9558140198,Pepper - Sorrano,M,"$7,716.22",Murano,Plate Pie Foil,Tennessee
914661744,Papayas,M,"$9,183.82",RX-7,Broom - Corn,North Carolina
8642050691,"Turkey - Whole, Fresh",F,$991.11,Safari,Extract - Rum,North Carolina
6072867715,Olives - Nicoise,F,"$2,172.85",Prius,"Garlic - Primerba, Paste",Iowa
9596602624,Beer - Blue Light,M,"$6,463.50",Express 1500,"Flour - Buckwheat, Dark",California
5738281276,Longos - Chicken Caeser Salad,F,"$4,348.59",Aveo,Chocolate - Chips Compound,Louisiana
1142043894,"Pasta - Penne Primavera, Single",M,"$6,542.23",Yukon,Duck - Legs,California
2582221090,Flour - Masa De Harina Mexican,F,$564.10,RS4,Wine - Conde De Valdemar,Idaho
5681350894,Grapes - Red,M,"$4,045.27",240SX,Crackers - Water,Utah
1818081083,Rice Paper,M,"$1,806.14",626,Sprouts - Baby Pea Tendrils,West Virginia
6507200174,Tomatoes - Hot House,F,"$1,049.18",V40,Jameson - Irish Whiskey,Ohio
7152929459,Iced Tea Concentrate,F,$344.89,Terrain,Truffle - Whole Black Peeled,California
2017692611,Wine - Chenin Blanc K.w.v.,F,"$1,607.79",90,"Wine - Red, Cabernet Sauvignon",Ohio
387074899,"Sauce - Soya, Dark",F,"$8,108.37",Firebird,Cardamon Seed / Pod,California
6266171228,Salt - Seasoned,M,"$4,803.23",Regal,Scampi Tail,Iowa
5367197434,General Purpose Trigger,M,$209.99,LS,"Flour - Bran, Red",New York
5716767761,Sherry - Dry,M,$981.24,Freestar,Sauce - Oyster,Arizona
6788024219,Broom - Angled,M,"$3,467.91",Element,Lamb Rack - Ontario,Texas
4976472817,Kaffir Lime Leaves,M,"$9,530.83",Armada,Pork - Sausage Casing,New York
1688929398,Container - Foam Dixie 12 Oz,M,"$7,439.00",Swift,Soy Protein,New York
108298027,Sproutsmustard Cress,F,"$8,605.12",SVX,"Sprite, Diet - 355ml",Illinois
4281885668,Liners - Baking Cups,M,"$3,997.16",GX,Flour - Bread,Washington
1008353574,Hinge W Undercut,F,"$1,953.39",Aero 8,Mushroom - Porcini Frozen,Texas
7378438022,"Lamb - Whole, Fresh",M,"$1,453.61",TL,"Wine - White, Mosel Gold",California
1232376310,"Water - Mineral, Carbonated",M,"$3,662.05",Corvette,"Spoon - Soup, Plastic",California
5046295350,"Flour - Buckwheat, Dark",M,"$9,830.13",200,Relish,North Carolina
1453920706,Squash - Butternut,F,"$3,094.78",Explorer,"Chicken - Thigh, Bone In",Virginia
6681231012,Sunflower Seed Raw,M,"$7,063.46",1500,Food Colouring - Red,Maryland
4107047326,"Tart Shells - Sweet, 4",M,"$9,850.27",RAV4,Cheese - Sheep Milk,Texas
9710619624,Urban Zen Drinks,M,"$2,371.86",Impala,Appetizer - Tarragon Chicken,California
5838749539,Beef - Texas Style Burger,F,"$7,087.74",F430,Wine - Touraine Azay - Le - Rideau,New Mexico
5271345750,Beans - French,F,"$1,196.74",Elantra,Gooseberry,North Carolina
623850303,Bagel - Sesame Seed Presliced,M,"$9,175.31",Expedition EL,Lemon Tarts,Virginia
6198509672,Bread Base - Gold Formel,F,"$1,860.32",Cabriolet,Tobasco Sauce,Florida
9143620337,Cookies - Fortune,M,"$2,445.06",Magnum,Jagermeister,Arizona
1300965541,"Wine - White, Cooking",M,"$9,598.55",TT,Basil - Pesto Sauce,Maryland
4531448774,Cake - Pancake,M,$767.80,LeMans,Trueblue - Blueberry 12x473ml,Kansas
7949383534,Tea Leaves - Oolong,M,"$2,370.47",Murci√©lago,Shrimp - Black Tiger 13/15,Arizona
5843642178,Celery Root,F,"$7,302.36",Civic,Kellogs Cereal In A Cup,California
6440403028,Tuna - Sushi Grade,F,"$3,812.47",Sequoia,"Stock - Chicken, White",California
1664726586,Vinegar - Raspberry,M,"$7,729.52",911,"Peas - Pigeon, Dry",Texas
6078753541,Carrots - Jumbo,F,"$5,631.49",Express 1500,Chinese Foods - Chicken,Florida
2818245672,Melon - Honey Dew,M,$121.83,5000S,Icecream - Dstk Cml And Fdg,California
186080174,Gatorade - Xfactor Berry,F,"$7,053.64",914,Tea - Orange Pekoe,Louisiana
5797852217,Sprouts - China Rose,F,"$6,043.25",Eclipse,Apple - Northern Spy,Texas
5469852059,Trout - Smoked,F,"$5,768.04",A4,Chicken Giblets,Illinois
2052402365,Orange - Blood,M,"$6,629.28",Gallardo,Beets - Pickled,New York
9126536951,Pork - Backfat,M,"$8,159.46",Sonata,Vinegar - Rice,Virginia
8298598318,Lettuce - Escarole,M,"$8,499.09",Silverado 3500HD,"Ham - Smoked, Bone - In",Texas
4600549457,Dill Weed - Dry,M,"$9,452.87",Raider,Gooseberry,Georgia
4078286186,"Schnappes - Peach, Walkers",M,"$5,033.98",Expedition,Bagelers - Cinn / Brown,Georgia
632718765,Egg - Salad Premix,M,"$7,167.63",Protege,Kellogs Raisan Bran Bars,Virginia
37142461,"Chocolate - Pistoles, Lactee, Milk",F,"$9,731.80",Caravan,Wine - Chablis 2003 Champs,Florida
5228890068,Anchovy Fillets,F,"$1,937.50",X-Type,Bread Roll Foccacia,Florida
8061073773,Energy Drink - Franks Original,F,"$8,866.17",Intrigue,Tea - Green,New York
6768213636,"Cheese - Brie, Triple Creme",F,"$9,581.54",Elantra,Syrup - Pancake,Kansas
9008530740,Vegetable - Base,M,"$1,021.11",Ram 3500,Cheese - Montery Jack,Tennessee
